AC_YEAR,STATCD,STATNAME,DISTRICTS,BLOCKS,VILLAGES,CLUSTERS,TOTPOPULAT,P_URB_POP,POPULATION_0_6,GROWTHRATE,SEXRATIO,P_SC_POP,P_ST_POP,OVERALL_LI,FEMALE_LIT,MALE_LIT,AREA_SQKM,TOT_6_10_15,TOT_11_13_15,SCH1,SCH2,SCH3,SCH4,SCH5,SCH6,SCH7,SCH9,SCHTOT,SCH1G,SCH2G,SCH3G,SCH4G,SCH5G,SCH6G,SCH7G,SCH9G,SCHTOTG,SCH1P,SCH2P,SCH3P,SCH4P,SCH5P,SCH6P,SCH7P,SCH9P,SCHTOTP,SCH1M,SCH2M,SCH3M,SCH4M,SCH5M,SCH6M,SCH7M,SCH9M,SCHTOTM,SCH1GR,SCH2GR,SCH3GR,SCH4GR,SCH5GR,SCH6GR,SCH7GR,SCH9GR,SCHTOTGR,SCH1GA,SCH2GA,SCH3GA,SCH4GA,SCH5GA,SCH6GA,SCH7GA,SCH9GA,SCHTOTGA,SCH1PR,SCH2PR,SCH3PR,SCH4PR,SCH5PR,SCH6PR,SCH7PR,SCH9PR,SCHTOTPR,SCHBOY1,SCHBOY2,SCHBOY3,SCHBOY4,SCHBOY5,SCHBOY6,SCHBOY7,SCHBOY9,SCHBOYTOT,SCHGIR1,SCHGIR2,SCHGIR3,SCHGIR4,SCHGIR5,SCHGIR6,SCHGIR7,SCHGIR9,SCHGIRTOT,ENR1,ENR2,ENR3,ENR4,ENR5,ENR6,ENR7,ENR9,ENRTOT,ENR1G,ENR2G,ENR3G,ENR4G,ENR5G,ENR6G,ENR7G,ENR9G,ENRTOTG,ENR1P,ENR2P,ENR3P,ENR4P,ENR5P,ENR6P,ENR7P,ENR9P,ENRTOTP,ENR1M,ENR2M,ENR3M,ENR4M,ENR5M,ENR6M,ENR7M,ENR9M,ENRTOTM,ENR1GR,ENR2GR,ENR3GR,ENR4GR,ENR5GR,ENR6GR,ENR7GR,ENR9GR,ENRTOTGR,ENR1PR,ENR2PR,ENR3PR,ENR4PR,ENR5PR,ENR6PR,ENR7PR,ENR9PR,ENRTOTPR,TCH1G,TCH2G,TCH3G,TCH4G,TCH5G,TCH6G,TCH7G,TCH9G,TCHTOTG,TCH1P,TCH2P,TCH3P,TCH4P,TCH5P,TCH6P,TCH7P,TCH9P,TCHTOTP,TCH1M,TCH2M,TCH3M,TCH4M,TCH5M,TCH6M,TCH7M,TCH9M,TCHTOTM,SCLS1,SCLS2,SCLS3,SCLS4,SCLS5,SCLS6,SCLS7,SCLSTOT,STCH1,STCH2,STCH3,STCH4,STCH5,STCH6,STCH7,STCHTOT,ROAD1,ROAD2,ROAD3,ROAD4,ROAD5,ROAD6,ROAD7,ROADTOT,SPLAY1,SPLAY2,SPLAY3,SPLAY4,SPLAY5,SPLAY6,SPLAY7,SPLAYTOT,SBNDR1,SBNDR2,SBNDR3,SBNDR4,SBNDR5,SBNDR6,SBNDR7,SBNDRTOT,SGTOIL1,SGTOIL2,SGTOIL3,SGTOIL4,SGTOIL5,SGTOIL6,SGTOIL7,SGTOILTOT,SBTOIL1,SBTOIL2,SBTOIL3,SBTOIL4,SBTOIL5,SBTOIL6,SBTOIL7,SBTOILTOT,SWAT1,SWAT2,SWAT3,SWAT4,SWAT5,SWAT6,SWAT7,SWATTOT,SELE1,SELE2,SELE3,SELE4,SELE5,SELE6,SELE7,SELETOT,SCOMP1,SCOMP2,SCOMP3,SCOMP4,SCOMP5,SCOMP6,SCOMP7,SCOMPTOT,SRAM1,SRAM2,SRAM3,SRAM4,SRAM5,SRAM6,SRAM7,SRAMTOT,SRAMN1,SRAMN2,SRAMN3,SRAMN4,SRAMN5,SRAMN6,SRAMN7,SRAMNTOT,ESTD1,ESTD2,ESTD3,ESTD4,ESTD5,ESTD6,ESTD7,ESTDTOT,MDM1,MDM2,MDM3,MDM4,MDM5,MDM6,MDM7,MDMTOT,KIT1,KIT2,KIT3,KIT4,KIT5,KIT6,KIT7,KITTOT,KITS1,KITS2,KITS3,KITS4,KITS5,KITS6,KITS7,KITSTOT,ENR501,ENR502,ENR503,ENR504,ENR505,ENR506,ENR507,ENR50TOT,SMC1,SMC2,SMC3,SMC4,SMC5,SMC6,SMC7,SMCTOT,CLS1,CLS2,CLS3,CLS4,CLS5,CLS6,CLS7,CLSTOT,TCH1,TCH2,TCH3,TCH4,TCH5,TCH6,TCH7,TCHTOT,TCHF1,TCHF2,TCHF3,TCHF4,TCHF5,TCHF6,TCHF7,TCHF9,TCHFTOT,TCHM1,TCHM2,TCHM3,TCHM4,TCHM5,TCHM6,TCHM7,ENRG1,ENRG2,ENRG3,ENRG4,ENRG5,ENRG6,ENRG7,ENRGTOT,PREP,PRESTD,PPFTCH,PPMTCH,PMTCH,PFTCH,PGRMTCH,PGRFTCH,GRMTCH,GRFTCH,PGCMTCH,PGCFTCH,PCMTCH,PCFTCH,TCHSCM1,TCHSCM2,TCHSCM3,TCHSCM4,TCHSCM5,TCHSCM6,TCHSCM7,TCHSCF1,TCHSCF2,TCHSCF3,TCHSCF4,TCHSCF5,TCHSCF6,TCHSCF7,TCHSTM1,TCHSTM2,TCHSTM3,TCHSTM4,TCHSTM5,TCHSTM6,TCHSTM7,TCHSTF1,TCHSTF2,TCHSTF3,TCHSTF4,TCHSTF5,TCHSTF6,TCHSTF7,TCHOBCM1,TCHOBCM2,TCHOBCM3,TCHOBCM4,TCHOBCM5,TCHOBCM6,TCHOBCM7,TCHOBCF1,TCHOBCF2,TCHOBCF3,TCHOBCF4,TCHOBCF5,TCHOBCF6,TCHOBCF7,TCH_TRNRM1,TCH_TRNRM2,TCH_TRNRM3,TCH_TRNRM4,TCH_TRNRM5,TCH_TRNRM6,TCH_TRNRM7,TCH_TRNRF1,TCH_TRNRF2,TCH_TRNRF3,TCH_TRNRF4,TCH_TRNRF5,TCH_TRNRF6,TCH_TRNRF7
2016-17,1,JAMMU & KASHMIR,22,201,7276,1626,12549,20.05,16.01,23.71,883,7.4,11.9,68.74,58.01,78.26,222236,1452682,865656,14716,10141,494,134,95,2732,402,0,28714,13181,8027,106,134,92,1407,401,0,23348,1532,2114,388,0,3,1325,1,0,5363,3,0,0,0,0,0,0,0,3,12459,7448,84,119,88,1276,366,0,21840,13181,8027,106,134,92,1407,401,0,23348,1301,1647,186,0,2,773,0,0,3909,14601,10042,486,37,93,2688,370,0,28317,14652,10065,488,129,91,2720,382,0,28527,362322,732825,168920,5354,6221,402345,15072,0,1693059,292365,496814,20917,5354,5626,118282,14895,0,954253,69855,236011,148003,0,595,284063,177,0,738704,102,0,0,0,0,0,0,0,102,280237,462463,12200,4890,5403,106638,13874,0,885705,56659,184912,60166,0,255,158712,0,0,460704,27506,46875,2307,815,1898,16649,5023,0,101073,8732,20978,9122,0,29,21306,6,0,60173,26,0,0,0,0,0,0,0,26,1875,84,5,1,6,9,6,1986,1767,25,0,2,0,1,0,1795,10815,8351,475,125,85,2421,378,22650,3252,4551,458,47,77,2118,230,10733,3231,4212,442,63,65,1852,254,10119,13176,9769,487,128,91,2697,381,26729,14276,10014,485,37,93,2686,370,27961,13254,9529,490,127,92,2683,390,26565,2415,3267,483,61,92,2289,316,8923,660,2183,443,21,75,1613,151,5146,1162,1934,70,12,37,631,182,4028,2102,2845,104,27,39,885,232,6234,10816,2199,67,110,5,237,3,13437,13164,8008,81,100,77,1398,397,23225,7472,6305,69,55,60,1225,304,15490,11971,7757,80,92,75,1385,379,21739,13550,4007,49,110,53,472,303,18544,13083,7998,92,134,84,1394,399,23184,42083,63108,8030,572,462,24977,1979,141211,36264,67853,11429,815,1927,37955,5029,161272,15307,28733,7145,707,635,18746,1462,0,72735,20957,39120,4284,108,1292,19209,3567,178861,353624,73511,4650,2253,180668,7075,800642,16473,305661,15580,10959,25040,35133,33115,23068,57301,33655,2591,2366,6182,3935,983,1463,251,0,109,806,74,837,1340,248,3,48,787,33,2839,4482,244,7,91,1614,396,1293,2364,149,89,22,886,118,2348,3234,129,11,57,1005,283,1069,1195,183,35,27,550,55,1942,2918,36,7,32,756,116,1021,1419,19,42,13,373,23
2016-17,2,HIMACHAL PRADESH,12,125,10144,2466,6857,8.69,11.14,12.81,974,25.2,5.7,83.78,76.6,90.83,55673,588162,354221,11329,844,612,2065,1743,678,925,0,18196,10730,5,26,2065,1733,6,924,0,15489,598,839,586,0,10,672,1,0,2706,1,0,0,0,0,0,0,0,1,10515,2,16,2033,1647,3,906,0,15122,10730,5,26,2065,1733,6,924,0,15489,545,764,440,0,5,561,1,0,2316,11315,844,609,2059,1700,677,917,0,18121,11314,844,608,2065,1723,677,925,0,18156,332749,70325,192802,56987,133713,109341,44757,0,940674,311525,698,9749,56987,133160,1782,44641,0,558542,21201,69627,183053,0,553,107559,116,0,382109,23,0,0,0,0,0,0,0,23,298337,173,5496,55672,123125,782,43588,0,527173,18134,61757,120777,0,149,87820,116,0,288753,25109,48,625,6878,28765,85,6042,0,67552,2813,7314,11452,0,149,8182,12,0,29922,3,0,0,0,0,0,0,0,3,305,1,2,250,26,1,23,608,1028,2,1,193,0,1,0,1225,8947,816,608,1652,1580,664,799,15066,9486,799,591,1550,1672,661,838,15597,7522,610,522,1282,1336,535,680,12487,11305,841,608,2064,1723,677,925,18143,11311,844,609,2058,1700,677,917,18116,11329,843,612,2065,1743,678,925,18195,10222,835,611,1696,1738,676,898,16676,528,673,586,376,1571,640,474,4848,7215,111,88,1178,1216,70,648,10526,7620,257,168,1286,1255,199,678,11463,1012,656,241,1272,100,365,204,3850,10720,1,1,2057,1723,0,924,15426,10146,0,0,1691,1668,0,893,14398,10638,1,0,1921,1713,0,917,15190,9865,276,27,1864,542,61,589,13224,10713,4,18,2040,1724,3,923,15425,38754,7311,7416,6199,5787,6199,2827,74493,27925,7362,12077,6878,28914,8267,6054,97477,12580,5334,8494,1800,10628,5799,2083,0,46718,15345,2028,3583,5078,18286,2468,3971,167537,30734,83143,28767,67109,47880,22264,447434,2292,97026,20031,7861,8303,21619,28863,16946,29595,17281,12199,7436,12860,7816,3271,351,400,889,2999,411,741,1718,685,615,247,1543,611,349,1402,103,134,412,1203,131,298,902,238,262,185,794,282,178,1618,231,331,623,2031,315,524,1174,608,584,199,983,756,259,3073,24,18,368,536,23,303,2204,44,30,99,288,55,148
2016-17,3,PUNJAB,22,146,13176,1783,27704,29.82,10.62,13.73,893,31.9,0,76.68,71.34,81.48,50362,2447062,1498066,14242,2561,2677,2685,2078,2748,1726,0,28717,13226,345,338,2678,1956,293,1688,0,20524,860,1956,2166,7,122,2193,35,0,7339,156,260,173,0,0,262,3,0,854,11841,142,159,2514,1620,128,1571,0,17975,13287,376,523,2683,2058,344,1718,0,20989,500,1122,1133,4,51,1120,20,0,3950,14127,2558,2660,2663,1846,2744,1671,0,28269,14133,2560,2673,2678,1977,2745,1702,0,28468,1035772,311185,1162981,170852,343481,671495,198462,0,3894228,965661,52450,207100,170432,326544,89553,194649,0,2006389,59320,229427,890482,420,16937,520615,3647,0,1720848,10791,29308,65399,0,0,61327,166,0,166991,775280,20779,71309,152463,243625,35906,172580,0,1471942,28877,123610,397315,280,5587,241420,1781,0,798870,44809,3543,12876,10808,40783,4985,16560,0,134364,4800,17762,57214,27,1452,31540,191,0,112986,968,2353,4164,0,0,3808,15,0,11308,421,3,0,38,33,2,33,530,733,1,0,180,1,0,15,930,14224,2549,2676,2683,2078,2746,1722,28678,14107,2424,2640,2682,2078,2654,1724,28309,14042,2520,2657,2630,2060,2715,1692,28316,13999,2542,2670,2667,1976,2740,1697,28291,14099,2552,2660,2659,1846,2743,1671,28230,14240,2559,2677,2683,2078,2748,1726,28711,14230,2558,2676,2685,2078,2747,1726,28700,1288,2248,2650,2540,2074,2680,1721,15201,2527,360,407,553,574,378,434,5233,2779,460,526,604,610,525,463,5967,1019,1428,977,1101,58,1132,155,5870,13158,46,209,2681,2032,63,1716,19905,12049,27,145,2419,1888,37,1575,18140,12347,34,162,2497,1906,48,1603,18597,7099,599,89,1105,61,160,148,9261,13124,151,327,2680,2039,147,1716,20184,56019,23542,44016,8602,10007,31121,6551,179858,50577,23658,74254,10835,42235,40333,16766,258658,34028,20610,61190,6141,25436,34893,9497,0,191795,16549,3048,13062,4694,16799,5440,7269,505360,135916,492846,80973,168082,291287,93537,1768001,7068,642269,80106,15862,18001,94985,40037,59058,40157,59454,7020,24712,7356,27397,5230,434,1251,1294,3949,733,1839,7903,2682,3634,1486,4674,3836,2043,6,1,4,2,3,1,2,10,13,14,3,6,6,0,2751,474,1088,776,2613,612,1226,4792,2363,3858,880,2757,3338,1257,6440,3,64,523,1743,15,1612,11078,29,246,579,2873,63,2159
2016-17,4,CHANDIGARH,1,20,85,20,1055,97.25,11.18,17.1,818,18.9,0,86.43,81.38,90.54,114,114473,67721,12,30,89,0,5,65,0,0,201,8,12,43,0,2,51,0,0,116,4,13,46,0,3,14,0,0,80,0,5,0,0,0,0,0,0,5,0,3,8,0,0,4,0,0,15,8,12,49,0,3,51,0,0,123,0,0,1,0,0,0,0,0,1,12,30,86,0,5,65,0,0,198,12,30,88,0,5,65,0,0,200,2891,12872,82849,0,1328,56458,0,0,156398,1908,9161,42189,0,256,47173,0,0,100687,983,3095,40660,0,1072,9285,0,0,55095,0,616,0,0,0,0,0,0,616,0,1759,8963,0,0,5018,0,0,15740,0,0,413,0,0,0,0,0,413,89,363,2918,0,59,2100,0,0,5529,77,221,2749,0,180,631,0,0,3858,0,67,0,0,0,0,0,0,67,0,0,0,0,0,0,0,0,0,0,0,0,0,0,0,0,12,30,89,0,5,65,0,201,6,25,88,0,5,62,0,186,12,30,89,0,5,64,0,200,12,30,88,0,5,65,0,200,12,30,86,0,5,65,0,198,12,30,89,0,5,65,0,201,12,30,89,0,5,65,0,201,8,27,89,0,5,65,0,194,8,14,66,0,2,48,0,138,9,16,69,0,2,58,0,154,5,9,12,0,1,14,0,41,8,12,44,0,2,50,0,116,0,0,4,0,0,2,0,6,0,0,5,0,0,2,0,7,0,1,0,0,1,0,0,2,8,12,48,0,3,51,0,122,116,449,2140,0,37,1327,0,4069,166,651,5667,0,239,2731,0,9454,138,500,4623,0,181,2032,0,0,7474,28,150,1044,0,58,699,0,1334,6016,38106,0,527,26346,0,72329,183,21716,3412,375,389,3469,1042,2615,1047,2620,525,1315,529,1332,4,33,140,0,1,144,0,12,48,254,0,1,190,0,0,0,9,0,0,1,0,1,0,33,0,0,3,0,7,50,190,0,2,184,0,10,34,200,0,1,205,0,16,43,108,0,0,194,0,35,86,259,0,0,430,0
2016-17,5,UTTARAKHAND,13,95,11994,994,10117,21.54,13.14,19.17,963,18.8,2.9,79.63,70.7,88.33,53483,1123220,687598,15297,1754,520,3417,1608,171,908,0,23675,12595,17,47,2800,1250,9,796,0,17514,2451,1644,473,568,358,161,112,0,5767,251,93,0,49,0,1,0,0,394,12197,11,23,2705,1161,7,774,0,16878,12605,26,82,2995,1508,14,847,0,18077,1878,1194,271,435,248,103,95,0,4224,15284,1751,497,3317,1469,167,848,0,23333,15285,1751,518,3392,1526,168,895,0,23535,656478,329045,273579,157664,151228,50251,59928,1122,1679295,423193,1161,27911,110245,105732,1509,49480,111,719342,207121,307921,245668,43250,45496,48412,10448,1011,909327,26164,19963,0,4169,0,330,0,0,50626,386618,582,10911,104081,92972,1181,47239,111,643695,143964,220743,140099,31624,26953,31767,8710,701,604561,27700,83,939,9011,20127,119,5868,0,63847,12213,13292,8669,2554,3892,2048,733,0,43401,1037,646,0,193,0,16,0,0,1892,218,3,0,17,25,1,18,282,1753,23,1,171,3,0,2,1953,11206,1676,510,2524,1319,169,615,18019,8587,1478,494,1873,949,155,426,13962,12538,1536,510,2783,1016,163,642,19188,14413,1727,518,3241,1503,168,873,22443,15127,1745,497,3274,1467,167,844,23121,14669,1737,519,3233,1575,171,865,22769,9913,1608,516,2650,1540,169,765,17161,1921,1383,502,2079,1510,158,591,8144,3373,177,71,694,227,19,166,4727,3863,230,91,847,307,27,206,5571,3146,907,144,1500,88,63,175,6023,12486,22,38,2914,1464,7,832,17763,11240,16,27,2518,1321,7,747,15876,12468,22,37,2908,1460,7,827,17729,11724,163,8,2434,470,7,461,15267,12506,22,66,2938,1465,12,826,17835,47473,16431,8081,12327,6564,1938,3247,96061,40950,14021,9608,11758,24019,2183,6601,109140,22082,9661,6548,4610,6472,1481,2044,0,52898,18868,4360,3060,7148,17547,702,4557,323712,141512,119811,80772,74527,21435,31378,793623,3008,165134,18953,12985,16550,26851,35805,22929,36790,23596,1642,1369,1849,1587,3240,595,155,1227,2771,58,732,2526,694,187,591,971,84,287,752,117,40,241,403,17,124,769,266,75,180,251,33,78,3861,834,235,1360,2451,133,754,3545,1281,312,612,729,116,283,7074,16,2,1785,577,2,374,7326,20,10,877,162,9,145
2016-17,6,HARYANA,21,126,7426,1531,25353,24.12,13.01,19.9,877,20.2,0,76.64,66.77,85.38,44212,2556187,1509213,9968,2560,2498,2426,1937,1930,1424,0,22743,8740,3,36,2420,1864,3,1380,0,14446,798,2099,2443,6,73,1896,44,0,7359,430,458,19,0,0,31,0,0,938,7827,0,14,2245,1620,2,1295,0,13003,8762,5,143,2420,1912,40,1391,0,14673,441,1185,1444,3,17,1127,20,0,4237,9425,2559,2481,2174,1655,1928,1253,0,21475,9511,2555,2493,2395,1785,1928,1346,0,22013,1023044,487753,1157594,179052,302073,517424,157962,0,3824902,915387,1195,26903,178710,291866,1213,154035,0,1569309,80417,422835,1126478,342,10207,510263,3927,0,2154469,27240,63723,4213,0,0,5948,0,0,101124,742230,0,8454,157281,220893,868,135075,0,1264801,39337,222897,531567,211,1889,277143,1393,0,1074437,32431,48,1345,8450,36874,47,12720,0,91915,4985,20554,63455,36,1048,24817,296,0,115191,2518,4129,324,0,0,353,0,0,7324,108,2,0,33,22,0,19,184,679,1,1,213,1,0,3,898,9725,2501,2478,2375,1920,1905,1405,22309,7936,2196,2415,1964,1734,1774,1217,19236,9673,2527,2494,2316,1905,1919,1402,22236,9408,2553,2493,2375,1776,1927,1341,21873,9386,2557,2481,2169,1653,1927,1251,21424,9947,2559,2498,2424,1937,1930,1424,22719,9531,2556,2498,2273,1927,1930,1412,22127,876,2039,2410,783,1879,1738,1367,11092,3107,712,772,821,932,427,595,7366,3437,807,827,912,999,475,662,8119,1077,1297,1061,231,19,607,17,4309,8750,2,53,2404,1869,22,1384,14484,5724,2,29,1696,1532,13,1085,10081,7548,2,50,2052,1655,19,1222,12548,3235,221,32,934,147,75,219,4863,8750,3,53,2414,1868,15,1383,14486,54275,27076,38599,8926,10458,20437,6384,166155,39934,24731,65124,8486,37922,25217,13016,214430,18256,17395,45205,2758,17523,16694,5133,0,122964,21678,7336,19919,5728,20399,8523,7883,520014,197978,463589,100448,148681,210136,83428,1724274,7739,398922,74144,33612,35565,79626,46264,31008,46796,31360,7044,6565,7116,6643,4512,1012,1592,1081,3067,1070,1189,1584,1348,1555,293,1652,1048,471,4,3,9,1,3,3,1,4,23,10,0,2,8,0,7043,2199,4323,1529,5315,2174,2031,3812,3419,6212,606,2985,3049,908,8683,16,22,428,708,9,499,5492,18,30,170,373,22,239
2016-17,7,DELHI,9,69,1201,69,16753,77.03,11.76,20.96,866,16.8,0,86.34,80.93,91.03,1483,1704499,874236,2724,885,1167,35,548,254,114,0,5727,1683,8,491,18,471,24,94,0,2789,1041,877,676,17,77,230,20,0,2938,0,0,0,0,0,0,0,0,0,99,0,11,1,26,2,3,0,142,1731,19,584,30,539,34,108,0,3045,19,32,21,0,1,10,0,0,83,2201,883,1028,27,364,251,80,0,4834,2198,879,1058,27,271,246,69,0,4748,989096,330416,1143912,12190,318913,131395,62579,0,2988501,779978,3533,473636,9410,296983,14053,56989,0,1634582,209118,326883,670276,2780,21930,117342,5590,0,1353919,0,0,0,0,0,0,0,0,0,22939,0,3194,216,6557,890,559,0,34355,2106,9954,14850,0,44,3224,0,0,30178,20523,159,29881,368,21418,663,2998,0,76010,6685,11190,39410,115,1822,5178,259,0,64659,0,0,0,0,0,0,0,0,0,3,0,1,0,3,0,0,7,8,0,0,0,0,0,0,8,2724,885,1167,35,548,254,114,5727,2282,792,1103,25,493,231,81,5007,2699,885,1163,35,541,254,111,5688,2198,879,1058,27,271,246,69,4748,2201,883,1028,27,364,251,80,4834,2724,885,1167,35,548,254,114,5727,2722,883,1166,35,548,254,114,5722,2244,836,1113,10,480,246,94,5023,1929,543,917,21,490,170,98,4168,1929,543,917,21,490,170,98,4168,631,410,160,10,106,57,35,1409,1721,16,541,30,535,28,108,2979,0,0,0,0,0,0,0,0,0,0,0,0,0,0,0,0,76,8,0,2,14,2,2,104,1700,15,556,29,527,31,107,2965,30857,10582,27523,359,6723,3893,1214,81151,27208,11349,69291,483,23240,5841,3257,140669,19654,9797,54675,278,11313,4933,1707,0,102357,7554,1552,14616,205,11927,908,1550,484950,127550,560885,6287,137329,50632,28273,1395906,2593,218571,55935,8724,8724,55935,22987,32385,22987,32385,6601,14037,6601,14037,1460,67,2168,33,2524,91,345,2141,215,3143,34,1489,120,255,821,15,543,2,613,31,86,487,16,591,4,246,24,37,1973,192,1664,27,1426,116,188,3610,625,3716,40,1655,318,273,935,41,3557,119,4991,98,734,2465,210,10144,81,3895,221,592
2016-17,8,RAJASTHAN,33,302,41016,10666,68621,19.26,15.31,21.44,926,17.8,13.5,67.06,52.66,80.51,342239,8238091,4451853,40193,36807,16185,207,810,10988,246,0,105436,33433,20251,9419,194,364,4186,83,0,67930,4462,16231,6755,13,445,6779,161,0,34846,2298,325,11,0,1,23,2,0,2660,32523,19010,8776,162,269,3801,54,0,64595,33433,20251,9419,194,364,4186,83,0,67930,3022,10707,3834,3,122,4079,55,0,21822,40121,36226,15989,33,694,10852,190,0,104105,40192,36805,16182,206,803,10988,246,0,105422,1749985,4632418,3577881,21173,90681,2058774,19954,1239,12152105,1310243,2305877,1755634,20259,49764,707648,6796,428,6156649,315513,2269728,1818954,914,40699,1345469,12900,811,5804988,124229,56813,3293,0,218,5657,258,0,190468,1264574,2140970,1608258,16873,38779,632868,4283,428,5707033,209793,1514197,950125,137,8258,813652,4362,498,3501022,58969,101475,121626,881,4386,41146,619,0,329102,22855,121238,102223,61,6015,72135,1260,0,325787,5456,2113,150,0,13,259,11,0,8002,2450,89,231,2,18,55,3,2848,12426,564,9,7,4,14,4,13028,26335,31904,15070,171,756,10070,234,84540,14696,21394,11783,144,619,7689,151,56476,27520,34359,15400,197,765,10449,236,88926,39255,36668,16176,206,803,10968,246,104322,39449,36190,15987,33,694,10842,190,103385,38294,36376,15975,196,799,10877,245,102762,8229,27108,15126,200,785,9785,237,61470,2489,12854,11066,177,661,6348,192,33787,11356,11671,5608,87,255,2919,49,31945,17284,17174,8625,121,423,4866,113,48606,19473,13799,2719,200,233,3541,64,40029,32733,20067,8957,154,300,4117,79,66407,24358,16002,6636,132,161,3035,41,50365,30540,18740,8402,151,255,3736,68,61892,28732,4789,599,17,242,624,101,35104,32585,20156,8351,181,246,3937,71,65527,121090,253455,125429,892,4088,87429,1200,593583,87280,224826,223999,942,10414,113540,1890,662891,32238,87316,71169,819,3396,39461,717,0,235116,55042,137510,152830,123,7018,74079,1173,852694,2179200,1590527,18660,39640,927589,9115,5617961,19988,1186306,120798,171825,188859,136928,216364,88915,219887,90343,13416,4610,14051,4821,8635,23601,22966,21,816,11886,140,3151,9003,5911,104,219,3944,45,10361,16878,15670,17,541,6674,85,3615,5497,3565,102,160,1957,28,21541,57628,61462,42,2614,31844,443,10710,30424,21373,314,937,13558,240,5962,6322,1857,1,16,892,2,1935,2251,666,5,8,323,2
2016-17,9,UTTAR PRADESH,75,971,98819,9574,199581,17.31,14.9,20.09,908,20.7,0.6,69.72,59.26,79.24,240928,27421871,14858172,159596,14352,3090,63817,8682,1507,3160,0,254204,113938,195,256,46405,511,38,71,0,161414,38878,11547,2530,17114,8150,918,3062,0,82199,6780,2610,304,298,21,551,27,0,10591,109359,105,138,45099,345,21,67,0,155134,114415,602,826,48979,3980,110,457,0,169369,29583,7054,1403,13810,6706,591,2724,0,61871,158810,14221,2772,61709,7895,1426,3046,0,249879,158976,14303,2974,63539,8254,1480,3133,0,252659,19859688,4132427,1672614,6132460,1909359,483301,486676,31220,34707745,11788713,39799,147132,3519731,90513,18071,7688,1223,15612870,7214045,3489953,1428894,2578676,1816093,326209,473973,27846,17355689,856930,602675,96588,34053,2753,139021,5015,2151,1739186,11351065,23140,54648,3431884,54841,9967,7148,1044,14933737,5475943,2208241,705243,2080898,1480584,205040,432555,24376,12612880,402568,918,3926,169606,6389,371,355,0,584133,183660,76655,32290,79759,90216,6883,19647,0,489110,22574,11938,2443,985,116,3445,114,0,41615,890,131,88,163,385,28,154,1839,7421,903,134,5042,299,104,222,14125,151629,13428,2856,61507,8214,1344,2862,241840,107251,10036,1943,46368,5858,807,1912,174175,114410,12877,2956,41780,8364,1379,3006,184772,158378,14267,2963,63333,8243,1461,3120,251765,158444,14189,2761,61599,7886,1410,3033,249322,157877,14314,3078,62404,8672,1491,3144,250980,58696,10553,2639,23260,7015,1144,2312,105619,11057,4585,1705,11074,4750,530,858,34559,39506,3081,1194,14063,3328,584,1234,62990,45110,3556,1359,16755,3962,636,1438,72816,61016,8111,1353,40389,2747,942,1915,116473,103099,282,417,43538,2280,40,265,149921,96058,191,272,36737,1347,22,160,134787,98544,245,345,41140,1891,27,231,142423,22518,470,118,20682,1226,72,600,45686,113709,388,486,48087,2298,54,279,165301,769754,116813,29347,300912,44648,10312,14001,1285787,608802,89511,38659,250350,96721,10699,20116,1114858,275493,38589,17042,92250,20149,3834,4850,0,452207,330859,50126,20880,157147,75483,6517,14986,9772897,1897382,822871,3159606,896237,232111,229343,17025528,11750,837996,109991,228055,319003,166776,258480,204997,279339,229103,19429,23939,29743,43541,57534,4947,1702,28235,9053,490,1623,36469,3168,1309,14127,2057,219,377,3593,502,163,1598,743,67,165,2707,372,129,936,217,30,49,144610,20739,6435,66537,26052,2915,6947,111717,13175,3893,33114,6378,1403,2079,19823,717,370,8485,1221,64,216,17615,375,186,5897,327,28,50
2016-17,10,BIHAR,38,537,40865,5622,103805,8.36,17.9,25.07,916,15.9,1.3,63.82,53.33,73.39,94163,15017838,6730614,43578,32989,1124,279,89,2611,227,0,80897,42021,26302,648,253,59,2186,146,0,71615,538,2765,233,25,25,211,77,0,3874,1019,3922,243,1,5,214,4,0,5408,39661,24772,621,220,49,2148,123,0,67594,42034,26377,651,271,77,2187,157,0,71754,367,1672,133,14,8,126,50,0,2370,43457,32802,1113,271,74,2589,184,0,80490,43541,32948,1118,270,84,2592,222,0,80775,6499392,13006589,595836,120419,22966,1444852,29410,0,21719464,6402000,11851037,385918,113362,9755,1312467,18463,0,20093002,45754,561654,129976,6997,11431,84997,10785,0,851594,51638,593898,79942,60,1780,47388,162,0,774868,6082304,11105382,372945,98501,8234,1301568,16802,0,18985736,30021,330653,64462,4066,3571,47425,3899,0,484097,139205,214075,7366,2117,926,24594,951,0,389234,3575,29923,8697,113,435,4585,782,0,48110,6087,33183,3066,3,104,2270,40,0,44753,1276,124,1,2,3,6,13,1425,3425,119,3,7,1,1,2,3558,36234,29741,1020,257,87,2356,214,69909,11085,14810,811,143,76,1727,159,28811,16401,23046,897,203,79,1998,152,42776,35395,30961,1081,256,82,2535,215,70525,37296,32093,1104,266,74,2578,182,73593,39693,32657,1119,275,87,2606,226,76663,11073,19186,893,138,77,2013,133,33513,1025,4591,302,33,59,441,45,6496,10611,11395,379,111,28,1131,44,23699,12112,12416,426,116,37,1206,69,26382,22154,4403,154,4,10,206,8,26939,40280,26134,622,264,29,2114,78,69521,21546,18871,465,198,19,1650,31,42780,38490,24982,609,259,29,2054,74,66497,2684,1787,102,4,16,119,94,4806,40943,25705,614,263,61,2097,132,69815,153756,283210,14272,2454,494,27481,888,482555,148867,277181,19129,2233,1465,31449,1773,482097,63850,92969,4082,836,304,9044,404,0,171489,79190,148326,9275,1368,963,18477,1296,3268947,6510163,276542,60371,10673,714658,16018,10857372,7049,628271,2437,4068,12215,7595,129117,78331,195965,130539,20275,15201,34858,27209,13484,19866,667,146,37,2161,49,8448,9598,320,85,15,914,11,1345,2362,132,17,15,306,18,1109,1388,58,11,18,243,13,44588,78202,3695,724,296,9430,384,33236,45365,1505,351,96,4101,136,19270,28785,1221,223,32,3356,66,14636,17534,600,122,9,1477,32
2016-17,11,SIKKIM,4,29,758,111,608,9.85,10.05,12.36,889,4.6,33.8,82.2,76.43,87.29,7096,59113,29539,737,350,80,0,7,138,5,0,1317,491,188,67,0,7,116,5,0,874,246,162,13,0,0,22,0,0,443,0,0,0,0,0,0,0,0,0,482,184,58,0,7,111,4,0,846,492,188,69,0,7,117,5,0,878,213,132,7,0,0,14,0,0,366,736,350,77,0,7,138,4,0,1312,658,347,79,0,5,138,5,0,1232,18163,30655,23031,0,769,21699,464,0,94781,10302,18097,17269,0,769,16893,464,0,63794,7861,12558,5762,0,0,4806,0,0,30987,0,0,0,0,0,0,0,0,0,10096,17444,12378,0,769,15174,350,0,56211,5312,9946,2403,0,0,2809,0,0,20470,2723,2692,2921,0,92,2431,52,0,10911,1501,1761,443,0,0,470,0,0,4175,0,0,0,0,0,0,0,0,0,9,0,0,0,1,0,0,10,3,0,0,0,0,0,0,3,572,306,80,0,5,126,4,1093,416,266,69,0,5,117,3,876,196,143,45,0,4,60,3,451,633,339,79,0,5,138,5,1199,711,343,77,0,7,138,4,1280,696,341,80,0,7,138,5,1267,491,318,80,0,6,132,5,1032,266,291,79,0,7,133,1,777,68,25,7,0,0,15,0,115,126,68,15,0,0,24,0,233,261,87,1,0,1,6,4,360,486,185,64,0,4,115,2,856,448,181,64,0,4,112,2,811,475,183,64,0,4,115,2,843,693,88,1,0,3,6,2,793,483,186,67,0,6,116,5,863,3546,3012,1167,0,46,1407,28,9206,4224,4453,3364,0,92,2901,52,15086,2236,2575,1879,0,19,1513,21,0,8243,1988,1878,1485,0,73,1388,31,7879,14710,11946,0,411,10723,282,45951,1064,17507,775,381,1290,2885,2725,2189,4120,3376,476,755,1433,1982,66,89,53,0,1,45,5,94,113,61,0,1,61,1,843,691,523,0,4,537,15,923,1056,795,0,7,609,16,907,869,574,0,22,591,8,984,1123,767,0,2,665,4,0,0,0,0,0,0,0,0,0,0,0,0,0,0
2016-17,12,ARUNACHAL PRADESH,20,100,2964,241,1383,16.48,14.66,25.92,920,0,68.8,66.95,59.57,73.69,83743,174523,77791,2304,1251,69,52,52,253,40,0,4021,2119,976,38,52,51,152,40,0,3428,158,261,29,0,1,101,0,0,550,27,14,2,0,0,0,0,0,43,2040,896,26,50,37,126,35,0,3210,2128,996,47,52,51,174,40,0,3488,107,184,8,0,0,62,0,0,361,2298,1230,69,4,52,249,29,0,3931,2304,1245,68,52,52,253,40,0,4014,63633,129399,17634,4974,6006,53396,3439,63,278544,49873,90682,9315,4974,5969,28172,3439,63,192487,12267,37067,8204,0,37,25224,0,0,82799,1493,1650,115,0,0,0,0,0,3258,46016,69406,4732,4857,3859,19750,2768,63,151451,7436,24945,2056,0,0,14690,0,0,49127,4055,6442,797,414,1060,2221,487,0,15476,1180,2827,602,0,7,1613,0,0,6229,133,126,43,0,0,0,0,0,302,120,4,0,0,2,0,0,126,1005,73,0,0,0,0,0,1078,1323,928,64,36,47,222,36,2656,617,628,61,17,38,185,29,1575,994,803,61,29,41,201,29,2158,2108,1230,68,52,51,252,37,3798,2183,1229,69,4,52,249,28,3814,1733,1121,69,50,51,248,39,3311,457,599,63,41,43,192,30,1425,100,495,66,26,50,209,34,980,342,254,14,5,11,42,12,680,417,304,17,5,14,53,16,826,1487,480,14,49,4,42,18,2094,1994,980,35,22,40,164,26,3261,1178,675,32,9,22,125,17,2058,1925,951,35,22,38,163,24,3158,1940,443,4,9,11,20,11,2438,1953,978,41,45,45,164,39,3265,8452,9157,854,210,293,2292,209,21467,5368,9395,1442,414,1067,3834,487,22007,2208,4294,511,242,314,1760,179,0,9508,3104,5100,931,172,753,2073,308,31294,62415,8118,4844,2954,25487,2115,137264,933,29702,858,892,2874,3354,2957,1248,4784,2438,2820,2097,4643,3554,14,44,40,0,10,38,7,26,44,16,2,0,30,2,2613,3535,291,126,321,996,166,1664,3058,269,203,204,1058,128,62,159,82,7,18,87,20,40,93,26,7,6,33,6,242,384,9,7,1,108,1,89,240,6,9,0,73,13
2016-17,13,NAGALAND,11,46,1475,123,1981,17.31,14.44,-0.47,931,0,86.5,80.11,76.69,83.29,16579,239278,109124,1274,774,104,40,46,389,179,0,2806,1146,587,6,40,43,89,178,0,2089,128,187,98,0,3,300,1,0,717,0,0,0,0,0,0,0,0,0,1071,512,4,39,27,70,169,0,1892,1146,587,6,40,43,89,178,0,2089,110,147,30,0,2,156,0,0,445,1274,774,102,40,46,389,179,0,2804,1274,774,104,40,45,389,179,0,2805,45164,81739,61337,2368,5372,87087,10959,92,294118,37518,56780,1318,2368,5258,12855,10938,92,127127,7646,24959,60019,0,114,74232,21,0,166991,0,0,0,0,0,0,0,0,0,34132,43178,400,2289,2911,8003,10143,92,101148,6354,17475,16987,0,36,37400,0,0,78252,6682,6862,131,320,1398,1988,2748,0,20129,909,2111,3170,0,19,4926,8,0,11143,0,0,0,0,0,0,0,0,0,3,0,0,0,0,0,1,4,30,0,0,1,0,0,0,31,984,632,102,33,39,360,148,2298,422,365,84,16,23,255,92,1257,794,507,98,21,33,322,123,1898,1221,767,104,38,43,388,179,2740,1266,774,102,40,44,388,179,2793,972,660,98,35,39,362,146,2312,263,470,103,23,40,341,116,1356,74,359,102,31,41,356,158,1121,274,251,4,22,6,32,28,617,329,281,10,22,9,47,43,741,421,110,7,6,6,63,16,629,1059,559,1,34,37,73,161,1924,874,505,1,30,34,70,138,1652,1007,552,1,34,36,72,154,1856,998,238,2,22,8,39,90,1397,1131,573,5,38,42,82,173,2044,6720,6131,1758,177,239,3821,774,19620,7591,8973,3301,320,1417,6914,2756,31272,3677,4638,2064,104,705,3855,937,0,15980,3907,4332,1230,216,712,3059,1819,22513,40989,29792,1268,2743,40601,5725,143684,2447,90529,1528,1066,4465,6671,3720,3396,10097,8455,207,405,713,854,19,70,75,6,10,112,41,17,76,78,0,0,74,7,3846,3984,635,194,591,2223,1581,3610,4400,1593,104,672,3324,907,17,89,74,9,32,163,47,8,34,34,0,11,74,7,23,20,0,1,0,1,3,26,25,0,0,0,0,1
2016-17,14,MANIPUR,9,35,2425,225,2722,21.16,12.98,18.65,987,3.8,35.1,79.85,73.17,86.49,22327,263906,121088,2909,891,105,60,27,714,148,0,4854,2426,488,24,23,23,220,101,0,3305,442,331,81,34,4,489,47,0,1428,41,72,0,3,0,5,0,0,121,2273,392,22,22,17,206,61,0,2993,2826,557,24,51,23,256,141,0,3878,372,270,57,28,4,344,29,0,1104,2906,888,104,49,27,707,137,0,4818,2905,891,105,60,26,713,148,0,4848,98365,88368,58449,3494,4846,196684,12402,0,462608,79363,33669,6853,1990,4593,29873,9000,0,165341,16684,45956,51596,1357,253,166330,3402,0,285578,2318,8743,0,147,0,481,0,0,11689,73389,26224,5068,1884,3304,27538,6172,0,143579,14194,36322,34243,1228,253,112852,2619,0,201711,9752,3686,784,157,722,3064,1403,0,19568,1398,3856,2585,181,97,9418,433,0,17968,275,820,0,24,0,71,0,0,1190,34,2,0,0,1,2,1,40,344,12,0,0,0,0,0,356,2295,800,105,57,27,663,140,4087,1255,558,94,37,20,524,120,2608,440,371,89,28,24,448,102,1502,2843,880,105,58,26,712,144,4768,2891,888,104,49,27,707,137,4803,2805,869,104,58,27,695,145,4703,257,454,105,26,26,611,116,1595,65,353,101,25,23,603,116,1286,1092,316,15,12,13,183,78,1709,1179,343,15,12,14,215,83,1861,949,146,15,22,5,103,4,1244,2566,553,16,33,13,249,136,3566,1050,270,12,17,10,122,71,1552,2252,509,16,33,12,238,134,3194,2391,354,5,30,6,76,65,2927,2820,554,22,49,23,254,141,3863,10685,6572,1547,223,136,7182,570,26915,11425,8362,3369,362,819,12553,1836,38726,5525,4257,1686,164,366,6346,959,0,19303,5899,4105,1683,198,453,6207,877,48108,43411,27657,2214,2266,96095,6735,226486,1344,56553,2634,2675,9065,8903,5023,5443,9050,9164,324,319,710,643,207,247,100,2,21,290,70,129,253,48,6,15,249,43,3254,1507,591,74,29,2327,56,3178,1460,588,79,35,2284,53,658,703,257,38,107,911,99,491,514,176,14,73,898,77,90,29,0,1,0,6,5,80,16,0,6,0,6,0
2016-17,15,MIZORAM,8,36,852,168,1091,40.42,15.17,22.78,975,0.1,94.4,91.58,89.4,93.72,21081,118153,51193,1536,433,0,1108,0,0,0,0,3077,1309,5,0,960,0,0,0,0,2274,213,417,0,147,0,0,0,0,777,14,11,0,1,0,0,0,0,26,998,1,0,720,0,0,0,0,1719,1311,6,0,1034,0,0,0,0,2351,158,227,0,86,0,0,0,0,471,1535,433,0,1105,0,0,0,0,3073,1536,433,0,1108,0,0,0,0,3077,73457,69807,0,58682,0,0,0,0,201946,55577,1000,0,45374,0,0,0,0,101951,17417,68009,0,13283,0,0,0,0,98709,463,798,0,25,0,0,0,0,1286,43638,47,0,32591,0,0,0,0,76276,9786,23170,0,5684,0,0,0,0,38640,4808,78,0,6937,0,0,0,0,11823,1251,4439,0,1044,0,0,0,0,6734,74,87,0,8,0,0,0,0,169,7,1,0,1,0,0,0,9,65,0,0,3,0,0,0,68,1450,415,0,1034,0,0,0,2899,966,236,0,775,0,0,0,1977,808,223,0,622,0,0,0,1653,1498,427,0,1084,0,0,0,3009,1535,433,0,1105,0,0,0,3073,1415,406,0,1044,0,0,0,2865,777,333,0,791,0,0,0,1901,123,199,0,606,0,0,0,928,434,20,0,406,0,0,0,860,565,119,0,528,0,0,0,1212,354,296,0,354,0,0,0,1004,1307,2,0,1023,0,0,0,2332,1281,2,0,1003,0,0,0,2286,1301,2,0,1023,0,0,0,2326,1044,87,0,663,0,0,0,1794,1310,3,0,1027,0,0,0,2340,6558,3512,0,4507,0,0,0,14577,6133,4604,0,7989,0,0,0,18726,3079,2674,0,3101,0,0,0,0,8854,3054,1930,0,4888,0,0,0,35194,34076,0,28000,0,0,0,97270,908,35929,543,559,2911,3823,4253,2732,4287,2748,2038,1594,2604,2184,8,18,0,19,0,0,0,7,20,0,8,0,0,0,3016,1838,0,4769,0,0,0,3040,2596,0,3042,0,0,0,9,16,0,18,0,0,0,1,10,0,7,0,0,0,315,68,0,457,0,0,0,301,76,0,252,0,0,0
2016-17,16,TRIPURA,8,72,1125,364,3671,14.87,12.1,14.75,961,17.8,31.8,87.75,83.15,92.18,10486,3151811,1966365,2547,1271,351,1,69,613,9,0,4861,2240,1158,301,1,61,551,8,0,4320,124,104,47,0,8,59,1,0,343,183,9,3,0,0,3,0,0,198,2150,1111,229,1,43,505,6,0,4045,2250,1160,322,1,69,555,8,0,4365,91,86,20,0,4,43,0,0,244,2539,1271,345,1,61,612,5,0,4834,2544,1270,348,1,66,613,9,0,4851,109695,139152,149765,165,10842,137814,642,0,548075,87764,122092,112495,165,9311,117369,577,0,449773,9196,15820,36409,0,1531,19976,65,0,82997,12735,1240,861,0,0,469,0,0,15305,81257,115204,77555,165,6697,105049,421,0,386348,6109,12315,15182,0,742,14774,0,0,49122,8898,11056,9391,12,1396,9261,83,0,40097,1106,1329,1979,0,285,1315,11,0,6025,576,66,41,0,0,17,0,0,700,108,6,1,0,0,0,0,115,2,0,0,0,0,0,0,2,1924,1009,340,1,66,576,9,3925,1337,840,297,1,61,495,6,3037,266,232,243,0,46,214,5,1006,2539,1269,348,1,66,613,9,4845,2537,1271,345,1,61,612,5,4832,2182,1162,348,1,68,599,9,4369,337,209,344,1,69,457,7,1424,115,86,295,1,65,205,5,772,253,223,116,0,24,182,3,801,351,290,126,1,27,205,3,1003,1373,153,9,1,7,25,2,1570,2238,1156,312,0,63,553,8,4330,1957,1088,302,0,59,537,8,3951,2193,1150,310,0,63,550,8,4274,1835,222,4,0,4,7,4,2076,2248,1159,320,1,66,553,8,4355,9971,8537,2750,7,316,3805,29,25415,10580,12451,11411,12,1681,10593,94,46822,2873,3125,4280,7,485,2907,49,0,13726,7707,9320,7131,5,1196,7686,45,54515,68162,72928,86,4460,68549,449,269149,343,27971,867,955,3228,2791,11424,4415,24917,9249,745,274,4338,1593,860,1375,1344,1,220,1457,9,351,390,617,2,96,396,7,4125,3547,1180,2,174,2033,13,1325,1294,973,2,124,904,15,1047,1869,1405,1,273,1624,4,388,497,542,2,69,488,4,2119,2208,678,0,102,1311,17,704,592,390,0,40,444,6
2016-17,17,MEGHALAYA,11,41,6140,611,2964,15.32,18.75,27.82,986,0.6,86.1,75.48,73.78,77.17,22429,388745,167695,9304,190,35,3408,34,120,167,0,13258,5454,7,12,2257,21,10,24,0,7785,3773,167,21,1129,13,102,139,0,5344,77,16,2,22,0,8,4,0,129,5264,5,7,2140,11,6,22,0,7455,7954,23,16,3189,31,19,138,0,11370,3535,145,11,1014,6,69,99,0,4879,9293,190,32,3365,30,120,158,0,13188,9298,188,34,3403,34,118,165,0,13240,449468,25925,16503,167977,6902,27293,22022,373,716463,249072,1080,6113,87762,4597,3245,3704,0,355573,197604,22557,10216,79828,2305,22569,18211,373,353663,2792,2288,174,387,0,1479,107,0,7227,234991,819,3257,81251,1771,1938,3345,0,327372,170065,17856,3115,67685,772,13812,11708,276,285289,12709,79,372,8860,532,192,252,0,22996,10526,1289,689,5077,252,1427,1688,0,20948,240,126,27,59,0,118,29,0,599,1719,5,0,198,0,1,7,1930,945,3,0,21,0,0,0,969,4983,147,35,2123,33,113,156,7590,2770,94,29,1347,26,75,118,4459,1482,100,32,692,22,93,101,2522,7741,140,33,2986,33,109,149,11191,8192,152,31,3114,29,112,148,11778,5813,113,34,2111,33,105,146,8355,1171,95,34,1261,31,100,143,2835,351,50,31,715,31,75,111,1364,1958,6,8,977,6,2,30,2987,2524,12,12,1189,10,14,43,3804,2827,116,7,1921,0,49,22,4942,7844,22,3,3120,6,5,70,11070,7031,20,2,2578,5,4,62,9702,7702,22,2,3030,6,5,68,10835,6523,37,1,2338,3,15,39,8956,7898,23,12,3157,18,11,106,11225,26926,1293,445,11109,190,1077,690,41730,23475,1494,1088,13996,784,1737,1969,44543,13537,1067,735,6642,409,1271,1013,0,24674,9938,427,353,7354,375,466,956,222028,13652,8551,87879,3498,12809,12124,360734,8189,212754,3733,2613,8428,12520,2015,2005,3632,3328,1108,1622,7681,8355,79,20,19,120,21,23,31,96,24,10,54,11,20,14,9128,298,147,6239,204,326,599,12883,905,569,6201,354,1009,866,69,16,41,134,18,19,30,46,18,8,46,10,16,12,965,17,0,535,0,12,8,887,26,0,459,0,6,16
2016-17,18,ASSAM,27,145,21839,3416,31169,11.03,14.47,16.93,954,7.2,12.4,73.18,67.27,78.81,78438,3506540,1838910,48567,2166,265,11494,688,1803,1303,0,66286,40471,965,69,6933,641,19,1067,0,50165,972,1145,191,3985,41,1732,162,0,8228,7124,56,5,576,6,52,74,0,7893,38946,906,45,6500,481,13,859,0,47750,40471,969,74,10838,669,30,1169,0,54220,905,1060,106,3877,34,1231,130,0,7343,48452,2149,259,10682,644,1799,1060,0,65045,48486,2135,265,11466,658,1801,1269,0,66080,3184346,301323,128720,1122649,153310,465163,188331,0,5543842,2836457,154453,34876,813757,149966,5167,170502,0,4165178,58531,141417,92548,281274,3011,449227,13289,0,1039297,289358,5453,1296,27618,333,10769,4540,0,339367,2660947,143886,18897,760429,106930,3819,134094,0,3829002,53430,127734,38710,273531,2647,300578,10429,0,807059,110487,8349,1701,45602,17270,292,16931,0,200632,5853,12104,4436,26409,698,27949,2099,0,79548,16905,473,75,3922,104,830,857,0,23166,11590,50,4,540,10,31,31,12256,4722,26,2,19,0,5,1,4775,38958,1963,240,9883,640,1667,1204,54555,25825,1215,204,8024,509,1145,807,37729,12666,1194,233,2538,538,1462,783,19414,39772,1772,250,7706,572,1602,1026,52700,42379,1930,248,8055,627,1696,968,55903,42070,2034,259,10116,672,1747,1255,58153,5237,1165,248,3490,657,1453,1131,13381,605,660,204,2103,568,992,865,5997,22170,703,46,3450,155,67,287,26878,23891,819,72,4019,214,233,446,29694,5987,993,115,610,31,905,52,8693,40260,960,3,10436,632,11,1119,53421,31006,722,2,5363,428,8,680,38209,39307,939,3,10078,625,11,1100,52063,25600,379,12,4110,44,110,231,30486,40406,962,45,10799,528,18,852,53610,128807,15485,3844,41840,4245,17343,5866,217430,133245,20926,6212,75933,18072,29071,19887,303346,49964,9096,3402,19275,6617,15927,7069,0,111350,83281,11830,2810,56658,11455,13144,12818,1605755,138852,59618,602408,68366,203663,102298,2780960,38740,592223,4360,4020,45133,34415,65206,34289,110092,53521,14061,12080,20574,16445,6334,624,218,3107,534,660,584,3376,513,202,1040,318,841,321,15174,1510,222,8602,896,1844,1802,9010,1212,322,2896,577,2030,890,24677,3105,611,14375,2747,3677,3598,17241,2650,675,6445,2003,4825,2386,12893,695,56,6372,105,48,286,8348,379,64,2417,73,27,163
2016-17,19,WEST BENGAL,21,471,41256,3804,991348,24.55,11.07,13.93,947,23.5,5.8,77.08,71.16,82.67,88752,7843098,4549909,76954,1542,661,7577,6394,417,2873,0,96418,66952,137,167,7049,6044,44,2600,0,82993,8185,1104,379,257,84,290,105,0,10404,1817,301,115,271,266,83,168,0,3021,59775,93,63,6823,4622,20,1865,0,73261,67084,156,187,7050,6071,52,2607,0,83207,6364,787,133,189,23,189,79,0,7764,76583,1500,597,7006,5376,401,2149,0,93612,76666,1478,599,7535,5958,393,2662,0,95291,5752819,198994,270923,933738,3910389,85806,781353,0,11934022,5076344,27602,90178,875523,3709750,8762,714316,0,10502475,588529,136340,130334,20123,22135,56637,14965,0,969063,87946,35052,50411,38092,178504,20407,52072,0,462484,4424102,20819,31241,851600,2947506,5132,590156,0,8870556,482527,111814,60095,17508,5355,39141,10712,0,727152,230143,1131,5155,25417,154584,527,30857,0,447814,59140,11602,12103,1737,1793,4415,1132,0,91922,10272,2868,1647,1864,5778,949,1839,0,25217,4342,25,5,583,1,0,5,4961,3477,6,3,527,1,1,12,4027,67891,1395,625,6530,5973,364,2595,85373,28699,742,441,3287,4401,258,1582,39410,31351,1035,579,2209,5373,322,2028,42897,74603,1377,578,7441,5948,371,2652,92970,75691,1459,587,6959,5374,385,2144,92599,75760,1495,654,7362,6377,404,2847,94899,60610,1264,630,4467,6250,374,2696,76291,3790,652,508,773,5154,265,1470,12612,26615,134,162,2314,3460,68,1338,34091,28819,192,185,2818,3657,82,1425,37178,16459,735,133,6724,92,161,184,24488,66463,108,94,6659,5993,23,2570,81910,56548,68,64,4876,4967,15,1949,68487,63923,92,75,6247,5697,19,2339,78392,32794,559,168,1618,84,126,236,35585,33931,111,107,4278,5307,34,2254,46022,300895,13481,10779,29481,80140,4360,22118,461254,299555,15601,18905,29018,162155,5891,33828,564953,140379,6583,11384,6344,60304,2853,14903,0,242750,159015,8911,7448,22651,101802,3003,18918,2787512,85856,123659,502413,1937669,38023,460627,5935759,73832,1578358,13984,8949,37238,54327,167273,81109,233205,112697,6993,9779,34845,67067,37991,550,634,3731,23299,207,4112,22849,452,530,1082,11544,145,2989,9381,392,233,589,4797,107,1191,5781,373,321,213,2032,144,602,24941,1640,562,2976,9961,343,1902,12190,641,334,402,4604,207,1111,39004,53,49,1479,1883,35,754,22081,27,41,371,897,13,501
2016-17,20,JHARKHAND,24,261,27389,2272,32966,18.18,15.89,22.34,947,12.1,26.2,67.63,56.21,78.45,79714,4077439,2013642,26930,15827,464,86,463,2261,598,0,46629,24656,12461,165,15,440,1441,97,0,39275,559,655,262,46,19,308,420,0,2269,1715,2711,37,25,4,512,81,0,5085,23810,11805,144,14,389,1400,61,0,37623,25156,12941,182,30,447,1453,189,0,40398,516,471,98,27,8,165,326,0,1611,26889,15676,460,72,189,2234,465,0,45985,26875,15706,459,76,453,2227,567,0,46363,1549751,3049208,339130,17054,54722,699474,75443,4359,5789141,1379664,2377703,66714,4244,47671,419965,5802,573,4302336,54184,218622,258680,10425,6474,150815,62514,3563,765277,115903,452883,13736,2385,577,128694,7127,223,721528,1317572,2197877,53982,4166,41860,405656,3069,480,4024662,42506,142264,76958,4683,2887,77564,45644,2352,394858,46067,57766,1952,80,2442,10280,592,0,119179,1282,4907,9091,269,282,5182,3738,0,24751,8256,21756,550,117,40,5257,554,0,36530,256,34,1,4,24,8,32,359,7363,520,5,9,28,29,6,7960,12312,10317,414,72,399,1770,505,25789,13788,8635,388,60,343,1508,494,25216,5139,6550,373,60,351,1355,417,14245,26224,15427,453,72,446,2207,540,45369,26402,15489,456,70,185,2223,447,45272,25590,15422,463,84,452,2217,578,44806,5099,6971,384,48,334,1390,352,14578,1056,2210,321,31,289,757,335,4999,7597,4779,88,11,135,664,73,13347,9105,5401,109,22,163,741,102,15643,18661,2712,61,12,365,333,73,22217,24998,12873,146,30,142,1403,139,39731,15896,10206,113,20,84,1159,61,27539,24665,12677,145,30,127,1393,122,39159,14650,1216,10,15,89,74,195,16249,24960,12867,170,29,296,1417,152,39891,91383,126453,8649,531,2094,22300,2984,254394,55605,84429,11593,466,2764,20719,4884,180460,17681,28166,5814,216,1493,7725,1628,0,62723,37924,56263,5779,250,1271,12994,3256,767633,1504037,137882,8480,41488,329586,38467,2829547,4127,314925,9086,8340,12317,12434,33453,14757,34234,15114,43714,14909,52201,17630,3544,4768,232,3,58,1105,116,898,1436,122,5,70,337,35,10117,8801,287,82,119,1764,665,6599,8160,426,121,603,2161,760,15776,24481,1151,86,428,5219,1423,6005,8481,476,46,390,1830,320,8318,8630,110,5,15,1053,9,3401,3163,37,6,35,309,3
2016-17,21,ODISHA,30,425,38970,4863,41947,13.15,12,13.97,978,17.1,22.8,73.45,64.36,82.4,155707,3963217,2351996,36318,19113,175,3983,161,1998,7229,0,68977,33860,16316,45,2254,156,1479,3650,0,57760,1209,1828,109,1676,4,420,3532,0,8778,1249,969,21,53,1,99,47,0,2439,32195,15472,16,2135,142,1432,3177,0,54569,34172,16350,45,3811,156,1488,6801,0,62823,975,1319,44,1587,3,167,3335,0,7430,36230,19050,170,3911,158,1924,6425,0,67868,36252,19096,173,3973,158,1997,7109,0,68758,1789498,2833970,147187,308445,35976,561012,521937,0,6198025,1641087,2294673,32019,214363,35011,318136,349809,0,4885098,85367,382691,101409,90900,906,203943,170685,0,1035901,63044,156606,13759,3182,59,38933,1443,0,277026,1524951,2134106,8275,203157,31994,306167,276761,0,4485411,64089,243099,31616,84892,478,62725,158165,0,645064,81889,91313,1141,8683,1719,14225,30136,0,229106,7181,24403,4083,3316,74,9039,26406,0,74502,7859,11689,634,187,10,1952,354,0,22685,2288,154,1,137,7,29,3763,6379,1284,52,0,295,0,2,19,1652,31760,17748,166,3781,141,1866,6961,62423,7779,6602,148,1928,104,884,5135,22580,21730,14853,166,2730,140,1689,5634,46942,34893,18648,168,3464,157,1966,6540,65836,36014,19025,167,3715,157,1921,6346,67345,36207,19089,175,3970,160,1996,7217,68814,5792,8795,169,1372,156,1326,5207,22817,1428,4105,149,392,65,962,3629,10730,15015,8992,71,1486,91,834,1914,28403,17238,9955,86,1727,107,939,2490,32542,11968,2391,56,76,127,156,209,14983,33927,16249,9,3783,92,1443,6508,62011,24021,13376,6,2700,60,1195,3992,45350,32349,15699,8,3652,80,1388,6219,59395,23900,1955,2,1438,1,37,3437,30770,33904,16146,37,3767,98,1470,6178,61600,102938,111664,3411,11109,1358,14633,16278,261391,96929,127405,5858,12186,1803,25216,56896,326293,44586,61687,3448,4254,600,11473,16806,0,142854,52343,65718,2410,7932,1203,13743,40090,882386,1359894,64341,148988,18280,259716,256536,2990141,6391,324175,18039,31051,41742,32760,78805,51403,81822,52985,43848,36239,52123,42176,9508,10452,160,817,200,1944,2361,5994,6925,96,497,68,1009,1414,12234,10352,94,645,132,1987,1872,6679,6373,105,424,58,1041,1177,19136,28407,410,4298,380,4908,22148,15520,23489,286,1669,167,3244,6247,16423,15902,3,2364,40,1240,410,12064,11356,2,1161,29,597,230
2016-17,22,CHHATTISGARH,27,146,21849,2663,25540,16.39,14.03,22.59,991,12.8,30.6,71.04,60.59,81.45,135191,2792441,1626381,32969,2849,1225,11884,326,582,1350,0,51185,30938,149,98,11662,216,33,1325,0,44421,1876,2659,1127,185,110,549,25,0,6531,155,41,0,37,0,0,0,0,233,29356,132,67,10744,198,28,1282,0,41807,31150,186,116,11730,260,36,1327,0,44805,1417,1648,404,146,41,249,15,0,3920,32443,2780,1219,11360,310,571,1343,0,50026,32390,2792,1223,11531,306,565,1350,0,50157,1996483,462565,475966,1062809,43911,154297,154220,0,4350251,1845312,30643,36959,1037604,31367,13074,151533,0,3146492,140953,427517,439007,23503,12544,141223,2687,0,1187434,10218,4405,0,1702,0,0,0,0,16325,1702086,26617,18098,912910,27492,11503,145069,0,2843775,103910,253194,128227,19304,3782,63095,1741,0,573253,89380,790,1441,46556,2445,174,10141,0,150927,9665,24337,22455,847,1275,7500,256,0,66335,493,232,0,119,0,0,0,0,844,990,6,5,101,5,2,13,1122,2299,26,5,519,1,4,11,2865,28096,2711,1214,10920,323,568,1305,45137,16434,2154,1055,7047,244,477,848,28259,19614,2357,1080,7517,221,523,696,32008,32190,2792,1223,11498,306,565,1350,49924,32253,2780,1219,11329,310,571,1343,49805,32683,2827,1224,11828,326,582,1350,50820,21016,2574,1205,8770,309,554,1127,35555,1067,1297,954,1790,168,398,291,5965,12073,545,200,4519,122,104,554,18117,15078,962,416,5408,175,213,696,22948,8157,1989,530,7148,93,293,492,18702,30854,177,70,11651,232,31,1314,44329,25476,135,33,9071,172,25,1077,35989,29271,165,54,10851,210,28,1245,41824,17970,345,54,3581,57,22,167,22196,30901,180,101,11683,248,32,1324,44469,107790,22866,13753,42022,1516,5364,5021,198332,99538,25359,23896,47522,3720,7674,10397,218106,38198,17255,14934,15327,1465,4874,3746,0,95799,61340,8104,8962,32195,2255,2800,6651,999368,209070,214622,546672,20917,68112,77867,2136628,5211,345312,13103,8069,22829,43506,89429,47023,98624,51468,375,322,455,380,8427,949,922,4680,294,232,1119,4695,1577,877,1837,135,333,445,24160,1385,640,10101,468,409,1919,13067,2168,815,4642,276,580,1083,22569,4073,3935,13174,957,1407,2697,13611,8431,4807,4721,415,2093,1099,25017,294,42,11685,168,42,1465,12952,273,30,5187,69,21,625
2016-17,23,MADHYA PRADESH,51,319,54824,3164,72598,21.99,14.53,20.3,930,15.6,21.1,70.63,60.02,80.53,308245,8585339,4989418,88301,17620,4020,30576,238,2782,47,0,143584,83753,23,83,30401,48,17,1,0,114326,3770,16701,3936,155,190,2764,46,0,27562,778,896,1,20,0,1,0,0,1696,79296,6,12,28062,35,5,0,0,107416,84223,194,159,30466,131,32,6,0,115211,2618,9454,1140,73,46,1120,24,0,14475,85058,17574,3984,29073,220,2773,43,0,138725,85781,17604,4010,29461,208,2778,44,0,139886,4828260,2240473,1680996,2897003,27235,708994,3067,680,12386708,4554567,3088,63622,2884081,8808,5875,107,631,7520779,226387,2154492,1617073,11514,18427,703021,2960,49,4733923,47306,82893,301,1408,0,98,0,0,132006,4193340,739,7113,2548432,6576,1252,0,175,6757627,145800,1154532,406128,4050,3271,271075,1602,0,1986458,202837,119,1930,81297,805,150,7,0,287145,16200,125878,66695,680,2398,33460,378,0,245689,2245,4046,22,62,0,13,0,0,6388,3823,117,41,455,8,25,0,4469,12619,479,21,5991,2,20,0,19132,76819,17037,3968,28033,233,2741,44,128875,55188,14575,3784,20565,222,2551,46,96931,31469,15111,3813,12041,226,2529,42,65231,80744,17452,4005,27650,208,2773,44,132876,83468,17487,3981,28452,220,2772,43,136423,84522,17578,4018,29163,238,2779,47,138345,10650,14920,3868,6767,227,2644,40,39116,2494,9170,3567,4008,191,2254,30,21714,29697,5725,1724,12005,99,1055,20,50325,35636,7548,2076,13802,119,1307,23,60511,11863,12479,1403,14876,45,1436,16,42118,82759,71,19,29869,34,7,0,112759,50570,21,4,15514,14,0,0,66123,63267,34,8,22923,19,3,0,86254,51256,3706,177,8307,85,147,22,63700,83833,91,79,30312,82,17,3,114417,291287,137942,49436,120389,1512,26804,235,627605,221282,130043,68647,82039,3203,33623,385,539222,74732,74058,42145,24930,1239,19782,157,0,237043,146550,55985,26502,57109,1964,13841,228,2436829,948633,709219,1486338,10175,290311,1174,5882956,19720,1079825,69708,53604,102540,143149,191245,86640,196444,89584,599,348,699,418,22974,5580,1831,10436,155,1209,32,10267,6154,2247,3616,73,1397,10,31889,2782,704,10511,88,600,13,12908,3750,1185,3886,40,818,8,50057,23229,8611,16832,549,5322,75,22620,29340,11009,6394,314,7174,54,10161,342,18,3604,3,14,0,4330,337,24,1213,1,23,0
2016-17,24,GUJARAT,33,253,19882,4275,60384,31.35,12.41,19.17,918,6.7,14.8,79.31,70.73,87.23,196024,5808398,3596398,11865,29123,1591,825,293,725,123,0,44545,10536,22716,54,307,106,26,89,0,33834,1329,6407,1535,518,187,698,34,0,10708,0,0,2,0,0,1,0,0,3,9965,20478,15,115,82,20,82,0,30757,10605,22916,141,540,214,38,104,0,34558,746,2587,631,330,128,326,25,0,4773,11800,28000,1564,681,279,715,77,0,43116,11814,28142,1571,764,282,710,115,0,43398,741134,6954555,879463,146907,43698,232436,13980,0,9012173,602079,4939195,36383,55098,14501,6224,11080,0,5664560,139055,2015360,842313,91809,29197,225912,2900,0,3346546,0,0,767,0,0,300,0,0,1067,514628,4193218,7276,13104,11908,3893,10552,0,4754579,68229,607412,264815,46475,17482,90050,2361,0,1096824,27689,172380,1724,2027,1132,217,674,0,205843,6753,65784,34261,2497,3275,9214,238,0,122022,0,0,47,0,0,15,0,0,62,313,113,4,12,28,3,18,491,618,243,3,23,3,0,0,890,11478,28940,1590,823,293,721,123,43968,8329,23552,1538,769,273,698,105,35264,10523,27845,1574,797,272,702,109,41822,11800,28128,1571,764,282,710,115,43370,11797,27997,1564,681,279,715,77,43110,11859,29107,1591,825,293,725,123,44523,11843,29098,1591,825,293,725,123,44498,3397,26388,1531,650,239,670,97,32972,6050,16156,656,411,140,258,57,23728,6159,16704,783,452,173,339,68,24678,3129,4808,880,292,145,444,103,9801,10458,22200,16,366,125,8,38,33211,8799,18469,8,140,76,6,22,27520,9030,18934,8,177,94,6,28,28277,6745,2614,38,139,43,40,29,9648,10586,22826,64,531,143,23,46,34219,40722,254860,22580,5437,1409,7676,408,333092,34442,238164,36032,4524,4407,9446,912,327927,17697,132812,23774,2713,1472,6631,344,0,185443,16745,105352,12258,1811,2935,2815,568,360038,3292677,357402,66451,16964,94162,9869,4197563,4228,387622,87208,34638,34666,87356,107311,97308,107312,97308,489,733,490,733,1674,11694,917,145,358,244,64,1578,12297,1349,267,117,505,41,4855,15492,718,130,373,246,152,3746,15089,1198,316,219,466,110,5336,40455,3085,622,876,876,175,4683,37675,4311,757,403,1613,91,14252,80663,199,765,219,114,134,11576,74693,326,1314,150,180,57
2016-17,25,DAMAN & DIU,2,2,39,7,243,23.61,10.65,53.54,618,2.5,6.3,87.07,79.59,91.48,112,22119,12424,58,6,8,38,4,6,0,0,120,53,0,0,38,2,1,0,0,94,5,6,8,0,2,5,0,0,26,0,0,0,0,0,0,0,0,0,40,0,0,30,2,0,0,0,72,53,0,2,38,3,2,0,0,98,3,1,5,0,0,2,0,0,11,58,6,8,35,4,6,0,0,117,58,6,8,35,4,6,0,0,117,9533,1121,9444,5297,480,2776,0,0,28651,8819,0,0,5297,275,355,0,0,14746,714,1121,9444,0,205,2421,0,0,13905,0,0,0,0,0,0,0,0,0,5882,0,0,3708,275,0,0,0,9865,466,295,5945,0,0,561,0,0,7267,284,0,0,288,40,13,0,0,625,46,85,298,0,51,96,0,0,576,0,0,0,0,0,0,0,0,0,2,0,0,0,0,0,0,2,3,0,0,0,0,0,0,3,58,6,8,38,3,6,0,119,22,5,8,18,4,4,0,61,52,5,8,37,4,6,0,112,58,6,8,35,4,6,0,117,58,6,8,35,4,6,0,117,58,6,8,38,4,6,0,120,58,6,8,38,4,6,0,120,37,6,8,38,4,6,0,99,25,0,1,21,1,1,0,49,25,0,1,22,1,1,0,50,10,5,3,6,1,4,0,29,53,0,2,38,2,1,0,96,44,0,2,33,2,1,0,82,53,0,2,38,2,1,0,96,15,2,0,10,1,0,0,28,53,0,0,38,2,1,0,94,323,49,203,192,18,80,0,865,330,85,298,288,91,109,0,1201,249,73,241,146,31,75,0,0,815,79,12,57,142,60,33,0,4887,483,4054,2665,223,1077,0,13389,29,3764,364,117,126,449,113,201,114,203,138,162,143,163,3,0,1,13,11,4,0,30,0,3,19,2,5,0,9,2,3,25,2,2,0,30,3,19,9,1,4,0,44,4,7,85,26,13,0,133,25,42,86,12,38,0,51,0,0,45,0,0,0,137,0,0,58,0,0,0
2016-17,26,DADRA & NAGAR HAVELI,1,1,70,11,343,14.72,14.35,55.5,775,1.8,52,77.65,65.93,86.46,451,43860,25043,173,128,7,1,1,11,0,0,321,156,115,1,1,1,1,0,0,275,14,13,6,0,0,10,0,0,43,3,0,0,0,0,0,0,0,3,148,107,0,1,1,0,0,0,257,162,115,1,1,1,5,0,0,285,11,8,3,0,0,9,0,0,31,173,128,7,0,1,11,0,0,320,173,128,7,1,1,11,0,0,321,8082,38404,7998,44,188,4564,0,0,59280,6700,33217,726,44,188,200,0,0,41075,1221,5187,7272,0,0,4364,0,0,18044,161,0,0,0,0,0,0,0,161,6061,24086,0,44,188,0,0,0,30379,991,3603,1516,0,0,3485,0,0,9595,381,1194,38,3,23,9,0,0,1648,68,228,391,0,0,187,0,0,874,16,0,0,0,0,0,0,0,16,1,0,0,0,0,0,0,1,0,0,0,0,0,0,0,0,154,124,7,1,1,11,0,298,54,61,7,1,1,11,0,135,72,97,7,1,1,11,0,189,173,128,7,1,1,11,0,321,173,128,7,0,1,11,0,320,173,128,7,1,1,11,0,321,172,128,7,1,1,11,0,320,56,116,7,1,1,11,0,192,114,100,4,0,1,4,0,223,114,100,4,0,1,4,0,223,85,27,3,1,0,4,0,120,162,115,0,0,0,4,0,281,45,17,0,0,0,4,0,66,162,115,0,0,0,4,0,281,117,2,0,1,0,0,0,120,159,115,0,1,0,3,0,278,463,1107,196,2,6,125,0,1899,465,1422,429,3,23,196,0,2538,255,866,335,3,7,125,0,0,1591,210,556,94,0,16,71,0,3978,18463,3279,44,80,1858,0,27702,35,3516,504,164,197,677,391,379,392,379,353,522,355,522,13,19,5,0,5,0,0,18,48,10,0,2,7,0,173,412,11,0,2,45,0,158,356,8,1,2,25,0,1,22,10,0,1,6,0,15,68,16,0,2,8,0,179,510,0,0,10,27,0,193,645,0,0,2,26,0
2016-17,27,MAHARASHTRA,36,408,43617,5578,112373,36.58,11.43,15.99,925,11.8,9.4,82.91,75.48,89.82,307713,10258679,6063279,53215,29645,5234,116,1409,9143,6209,0,104971,44516,20851,339,8,63,841,328,0,66946,8344,8572,4885,102,1346,8260,5851,0,37360,355,222,10,6,0,42,30,0,665,42680,17668,227,6,37,625,135,0,61378,47678,24921,4406,10,1056,6759,3758,0,88588,3796,3408,3255,79,861,5203,3742,0,20344,52620,29129,5042,114,1379,8749,6059,0,103092,52737,29256,5192,114,1402,9018,6146,0,103865,3740097,6369248,2380117,4683,224078,2825519,411398,30572,15985712,1992368,3328538,132076,628,11112,219552,32816,1438,5718528,1710281,3001626,2247325,3820,212966,2599998,377822,29134,10182972,37448,39084,716,235,0,5969,760,0,84212,1839477,2560404,67334,443,7094,162250,11223,191,4648416,386781,917875,1153055,2517,117543,1216052,214067,20218,4028108,107408,135563,6990,28,1129,10233,2727,0,264078,49478,86150,133071,289,19452,119398,34783,0,442621,1614,1634,60,18,0,328,134,0,3788,2456,68,38,17,571,89,3896,7135,3044,131,13,22,0,6,23,3239,51153,29383,5209,111,1403,9100,6164,102523,44071,26059,5116,101,1370,8885,5897,91499,40220,25737,4929,84,1309,8308,5421,86008,51341,28862,5184,113,1397,8983,6115,101995,52072,29049,5037,114,1379,8737,6048,102436,52931,29552,5223,114,1408,9135,6202,104565,40887,27376,5150,100,1379,8891,5843,89626,21019,22959,5134,94,1356,8805,5785,65152,32224,18859,3494,70,885,5808,3692,65032,34029,20003,3807,76,993,6441,4222,69571,13122,4664,650,106,369,1850,2370,23131,47240,24121,4115,7,882,6291,3111,85767,40185,18711,2905,2,558,4119,1795,68275,44161,20610,3582,5,763,5264,2563,76948,36231,3115,140,86,474,344,3803,44193,47418,24553,3870,9,810,6049,2909,85618,174303,231373,56915,421,5825,74287,13297,556421,158500,223347,140121,335,20581,129959,37644,710487,73912,106290,45964,153,6041,52790,13222,0,298372,84588,117057,94157,182,14540,77169,24422,1776491,3032951,1071197,2004,100647,1297804,194774,7489967,12192,1219772,193288,243666,245545,197076,162287,96643,162828,96786,2718,1663,2764,1700,10262,13053,8797,14,1567,7871,3040,8079,11080,3720,8,547,4301,1273,10370,10044,4371,11,786,4383,1356,3978,4545,1739,7,286,1987,582,33103,41221,28855,65,5062,24524,8108,24705,33009,11262,55,1848,12844,3427,6126,6952,1009,2,223,1482,667,3910,5015,404,1,56,582,249
2016-17,28,ANDHRA PRADESH,13,670,15099,4977,84666,24.58,10.21,11.1,992,16.4,7,67.66,59.74,75.56,275045,4198314,2538445,39193,10271,174,1,181,1747,9947,0,61514,33363,5122,145,0,178,489,5400,0,44697,5608,4911,27,1,3,1194,4522,0,16266,222,238,2,0,0,64,25,0,551,30409,4857,104,0,162,420,4715,0,40667,34880,5403,145,1,180,496,5864,0,46969,3166,2999,13,0,2,561,2129,0,8870,39116,10229,95,1,179,1534,9274,0,60428,39112,10243,132,1,177,1509,9853,0,61027,2365147,1069085,62567,40,38550,514063,1511268,0,5560720,1402362,489756,48581,0,37973,101985,921819,0,3002476,953290,565159,13850,40,577,399606,588461,0,2520983,9495,14170,136,0,0,12472,988,0,37261,1217202,454950,30503,0,34944,89522,752253,0,2579374,448371,341096,3322,0,492,158003,239004,0,1190288,76888,28592,2123,0,2273,4802,75387,0,190065,27893,27457,768,3,47,11771,31539,0,99478,593,1026,5,0,0,486,109,0,2219,7645,81,0,0,2,53,191,7972,8061,302,4,0,0,107,201,8675,36731,9646,162,1,141,1613,9502,57796,17742,6531,148,1,104,1398,8235,34159,21037,7644,163,1,57,1542,8098,38542,38961,10234,132,1,177,1509,9845,60859,39008,10221,95,1,179,1532,9269,60305,36579,9935,172,1,166,1734,9750,58337,35974,9708,170,1,168,1657,9652,57330,4950,4614,152,0,141,1257,7746,18860,8843,2397,29,0,71,173,2495,14008,12970,3343,49,0,105,393,3582,20442,6374,4084,62,0,163,1098,4360,16141,33160,5104,25,1,148,80,5328,43846,14535,3366,21,0,51,53,2724,20750,25037,4346,24,1,130,75,4565,34178,26825,2695,8,1,4,101,1542,31176,34191,5282,98,1,132,408,5448,45560,126477,69462,1827,2,1018,16218,61752,276756,105374,57075,2896,3,2320,17059,107035,291762,54038,29842,1718,2,1062,9549,44679,0,140890,51336,27233,1178,1,1258,7510,62356,1127048,508235,35916,17,17946,231875,727854,2648891,38,131,53263,41058,42302,57176,106759,78342,106794,78368,916,3921,930,3973,8123,4205,233,0,191,1206,9260,9465,5417,369,1,187,1537,7577,5254,1550,28,0,81,1418,2526,3016,1214,36,0,36,899,2039,22828,13204,396,0,648,2522,27297,22761,13229,435,0,513,3038,17391,12531,4133,16,0,125,442,3584,10357,3608,36,0,134,433,2659
2016-17,29,KARNATAKA,34,203,29292,4080,61131,29.38,11.21,15.67,968,17.1,7,75.6,68.13,82.85,191791,5249682,3142541,26583,30255,711,467,66,3156,764,0,62002,21782,21897,30,142,47,497,608,0,45003,4769,8342,680,325,19,2659,154,0,16948,32,16,1,0,0,0,2,0,51,20056,18703,7,99,37,415,438,0,39755,22029,24558,38,216,57,561,658,0,48117,2694,3696,85,152,4,712,64,0,7407,26515,29718,704,385,63,3140,639,0,61164,26559,29820,708,457,60,3143,744,0,61491,1036282,5058739,348556,38302,11975,1252819,104285,512881,8363839,668017,3024324,23638,13460,8556,146727,83659,186618,4154999,367735,2033656,324723,24842,3419,1106092,20574,326263,4207304,530,759,195,0,0,0,52,0,1536,586410,2488217,3249,9547,6621,119857,58767,140859,3413527,203757,804140,46341,10685,484,282871,6418,157538,1512234,44012,118257,826,481,757,6008,4878,0,175219,17308,64557,11386,1009,287,40809,1374,0,136730,50,80,13,0,0,0,3,0,146,1919,53,6,7,2,21,61,2069,4418,665,6,32,0,3,2,5126,22831,28282,649,380,60,2812,689,55703,13367,21794,607,343,59,2765,561,39496,18018,25137,662,350,56,2852,574,47649,24769,29349,705,408,55,3109,718,59113,25654,29534,701,336,58,3110,614,60007,25844,30153,708,417,61,3128,738,61049,24644,29593,708,410,61,3112,735,59263,3598,13953,683,259,57,2746,572,21868,8172,10766,80,122,18,561,153,19872,10208,12383,108,164,24,788,250,23925,7437,3327,277,235,18,1261,545,13100,21903,24327,15,188,40,534,500,47507,17487,19178,3,111,31,373,233,37416,18427,20147,4,126,32,399,273,39408,20725,4915,30,180,7,113,77,26047,20943,22324,19,179,30,457,268,44220,75916,229572,11634,1794,478,41318,3320,364032,61370,182894,12225,1490,1044,46817,6255,312095,32636,107884,9846,970,343,34217,2340,0,188236,28659,74931,2379,517,701,12537,3908,495918,2473677,163394,21113,4901,562067,51669,4017468,11333,1048221,93650,34671,36264,100277,86409,87058,86950,87528,368,320,376,327,4822,12504,160,72,99,1403,651,4036,12507,291,93,34,1958,313,1984,5005,78,42,48,591,270,1824,4883,209,51,17,929,127,18095,43431,774,288,239,6285,2292,19776,62547,3177,588,111,15404,1378,15727,37253,82,139,111,2168,896,13563,42524,72,270,87,2563,432
2016-17,30,GOA,2,12,524,111,1458,46,9.57,8.17,968,1.7,10.2,87.4,81.84,92.81,3702,120687,73445,958,68,13,11,5,176,221,0,1452,737,43,6,0,5,0,74,0,865,221,25,7,11,0,176,147,0,587,0,0,0,0,0,0,0,0,0,642,33,4,0,0,0,65,0,744,846,60,8,8,5,161,219,0,1307,143,15,4,8,0,121,105,0,396,957,68,13,11,5,170,221,0,1445,956,68,13,11,5,171,217,0,1441,54387,5795,9742,600,757,80976,41327,0,193584,19766,3059,4358,0,757,0,7609,0,35549,34621,2736,5384,600,0,80976,33718,0,158035,0,0,0,0,0,0,0,0,0,15971,1868,2652,0,0,0,6351,0,26842,17914,1767,2037,454,0,48297,18058,0,88527,1576,346,143,0,133,0,872,0,3070,1346,261,350,44,0,3947,2265,0,8213,0,0,0,0,0,0,0,0,0,150,0,0,0,0,0,8,158,304,0,0,0,0,0,0,304,938,68,13,11,5,175,216,1426,393,28,12,8,3,134,131,709,764,63,13,8,5,153,175,1181,956,68,13,11,5,171,217,1441,957,68,13,11,5,170,221,1445,958,68,13,11,5,176,221,1452,957,67,13,11,5,176,221,1450,139,58,13,9,5,176,221,621,288,31,4,0,2,16,36,377,385,37,9,2,2,42,61,538,119,18,2,6,0,14,17,176,836,58,2,6,4,159,215,1280,1,0,0,0,1,2,2,6,1,0,0,0,1,2,2,6,693,32,1,4,1,3,24,758,840,55,5,7,4,156,218,1285,2979,430,283,37,30,2186,1405,7350,2922,607,493,44,133,3947,3137,11283,2652,488,377,33,75,3264,2190,0,9079,270,119,116,11,58,683,947,25614,2670,4384,288,365,39870,19152,92343,412,33669,6473,1475,1492,6721,643,2213,646,2214,64,139,66,144,13,4,12,0,4,6,11,41,7,4,0,4,10,13,52,7,2,2,3,28,76,104,16,5,1,1,43,65,33,23,13,0,9,53,132,326,63,19,5,9,159,222,147,40,9,1,0,162,162,945,149,52,3,0,852,331
2016-17,31,LAKSHADWEEP,1,3,10,9,64,41.86,11,6.23,946,0,94.8,92.28,88.25,96.11,32,5973,3805,17,12,4,1,5,2,0,0,41,17,12,4,1,5,2,0,0,41,0,0,0,0,0,0,0,0,0,0,0,0,0,0,0,0,0,0,14,7,4,1,4,2,0,0,32,17,12,4,1,5,2,0,0,41,0,0,0,0,0,0,0,0,0,17,12,4,1,5,2,0,0,41,17,12,4,1,5,2,0,0,41,2128,2531,964,369,787,499,0,0,7278,2128,2531,964,369,787,499,0,0,7278,0,0,0,0,0,0,0,0,0,0,0,0,0,0,0,0,0,0,1872,1319,964,369,664,499,0,0,5687,0,0,0,0,0,0,0,0,0,208,228,186,24,260,47,0,0,953,0,0,0,0,0,0,0,0,0,0,0,0,0,0,0,0,0,0,0,0,0,0,0,0,0,0,0,0,0,0,0,0,0,0,15,11,4,1,2,1,0,34,2,3,2,0,5,0,0,12,10,6,4,1,3,1,0,25,17,12,4,1,5,2,0,41,17,12,4,1,5,2,0,41,17,12,4,1,5,2,0,41,17,12,4,1,5,2,0,41,17,12,4,1,5,2,0,41,4,6,2,0,3,1,0,16,8,7,2,0,3,1,0,21,6,2,1,1,0,0,0,10,17,12,3,1,5,2,0,40,15,12,3,1,5,2,0,38,15,12,3,1,5,2,0,38,1,1,0,0,1,0,0,3,17,12,4,1,5,2,0,41,134,137,63,15,30,20,0,399,208,228,186,24,260,47,0,953,100,99,93,10,121,20,0,0,443,108,129,93,14,139,27,0,1021,1214,554,191,367,243,0,3590,1,7,0,0,0,0,397,314,407,319,96,122,103,124,0,1,3,0,2,0,0,0,0,0,0,1,0,0,108,127,74,14,122,27,0,100,99,91,9,112,19,0,0,1,8,0,5,0,0,0,0,1,1,2,0,0,63,35,2,0,14,19,0,54,20,2,0,3,9,0
2016-17,32,KERALA,14,166,1905,1375,33388,24.76,9.95,44.86,1084,9.1,1.5,93.91,91.98,96.02,38863,2586473,1618453,8347,3368,1442,659,1026,1259,365,0,16466,2906,818,416,58,401,198,54,0,4851,4573,1998,992,592,624,945,309,0,10033,868,552,34,9,1,116,2,0,1582,2509,626,338,45,274,170,42,0,4004,6815,2118,531,632,984,293,341,0,11714,3716,1605,630,537,457,749,237,0,7931,8316,3365,1436,657,924,1256,304,0,16258,8330,3365,1439,654,984,1257,342,0,16371,792394,894357,977278,118758,483475,502482,100437,106962,3976143,223311,201975,177111,11788,155215,69040,8068,28483,874991,509703,609245,781786,106585,328101,399743,92194,78321,2905678,59380,83137,18381,385,159,33699,175,158,195474,187348,160857,132250,8961,110610,61787,6515,25266,693594,396686,501210,462948,96088,219549,314432,65814,65817,2122544,13647,9989,16055,505,18173,3653,732,0,62754,28824,31431,43570,5859,33022,21100,7075,0,170881,5633,6064,920,36,18,1983,21,0,14675,281,12,8,0,1,2,1,305,344,10,4,5,0,2,0,365,8029,3302,1420,643,1019,1232,359,16004,5253,2605,1285,581,928,1126,333,12111,6653,2926,1372,494,949,1117,323,13834,8026,3338,1437,645,984,1253,342,16025,8300,3364,1435,657,924,1254,304,16238,8303,3366,1440,659,1025,1257,365,16415,7881,3307,1421,648,1011,1243,362,15873,7655,3278,1408,649,1023,1221,364,15598,3519,1300,398,290,466,297,148,6418,3851,1449,471,311,517,375,161,7135,872,618,217,13,8,476,11,2215,6789,2104,488,629,972,281,337,11600,6238,1985,464,576,918,266,310,10757,6731,2103,484,624,970,280,337,11529,3468,330,52,165,59,46,30,4150,5730,1757,488,561,847,266,287,9936,51741,43901,31448,5353,15538,18683,3813,170477,48104,47484,60545,6400,51213,26736,7828,248310,38959,37222,48907,4490,35977,22836,6196,0,194587,9141,10260,11058,1910,15215,3899,1632,398057,430990,468668,56537,237657,241100,59965,1942882,10210,659622,134089,32849,33547,136738,17942,42048,18118,42398,461,1728,473,1754,385,356,594,37,677,219,35,1771,1463,1692,74,1408,885,117,162,128,221,12,150,85,8,606,480,701,39,332,389,35,5475,5877,5001,997,6742,1926,486,18479,17698,18526,1725,13554,10257,1729,2044,1967,304,278,652,134,161,7870,6002,820,740,2079,544,803
2016-17,33,TAMIL NADU,30,413,19300,4091,72139,38.1,9.56,15.6,995,20,1.1,80.3,73.86,86.81,130058,5534978,3706996,35414,9583,2952,125,4221,1881,3816,0,57992,24195,7403,398,73,2827,356,3047,0,38299,10947,2019,2550,46,1393,1513,764,0,19232,272,161,4,6,1,12,5,0,461,21436,6209,185,68,2058,209,2676,0,32841,29250,8900,484,105,3930,389,3633,0,46691,6473,1151,1089,35,587,809,441,0,10585,35273,9543,2877,63,3533,1868,3640,0,56797,35287,9558,2922,121,3752,1875,3779,0,57294,2910351,1734678,2099138,8222,1161913,687255,507335,0,9108892,1484199,1188408,343968,4776,617433,156742,361794,0,4157320,1411760,511223,1751454,3222,544470,527047,145323,0,4894499,14392,35047,3716,224,10,3466,218,0,57073,1252362,964446,127423,4364,418950,83589,311744,0,3162878,688118,240800,685940,2541,171432,268162,73997,0,2130990,63552,55388,22427,513,84044,10424,35107,0,271455,78080,21039,109702,209,42765,30952,7583,0,290330,1852,2508,150,21,3,261,27,0,4822,0,0,0,0,0,0,0,0,1085,13,0,2,0,1,4,1105,34796,9410,2931,123,4198,1852,3740,57050,26654,7261,2902,104,3764,1806,2466,44957,27022,8077,2902,108,3934,1823,2835,46701,35136,9554,2922,121,3752,1875,3779,57139,35265,9543,2877,63,3533,1868,3640,56789,35405,9581,2947,125,4221,1878,3816,57973,35048,9549,2949,125,4220,1879,3815,57585,14274,7931,2936,89,4093,1851,2472,33646,13120,4828,713,39,2014,448,1848,23010,18012,5576,1464,60,2511,903,2285,30811,5175,827,882,73,356,874,1172,9359,28981,8649,76,65,3878,39,3607,45295,27235,8452,68,60,3679,37,3035,42566,28057,8625,76,64,3825,39,3284,43970,17411,328,29,62,137,60,311,18338,27297,8096,98,73,3496,51,3372,42483,159116,77601,65296,494,31323,27121,15508,376459,143484,78935,132279,743,126812,41637,42717,566607,120421,56999,107204,641,74205,36056,25085,0,420611,23063,21936,25075,102,52607,5581,17632,1438568,860955,969359,6149,591233,309922,254273,4430459,11473,1250445,224675,55146,55978,234352,79791,160134,80114,161417,9199,19513,9417,20507,4284,4610,4377,6,10306,1196,4324,19974,8067,10214,154,10245,4998,4085,308,284,210,2,460,68,179,1059,461,702,21,509,345,207,17502,16088,18502,85,39550,3963,12498,93397,45123,84147,446,58806,28090,19423,19160,17429,168,64,11778,85,7655,60864,39443,560,384,21220,212,12345
2016-17,34,PUDUCHERRY,4,6,145,33,1244,52.12,10.25,27.72,1038,15.7,0,86.55,81.22,92.12,479,122695,75174,281,79,109,1,52,167,36,0,725,234,48,5,1,51,40,35,0,414,47,31,104,0,1,127,1,0,311,0,0,0,0,0,0,0,0,0,142,31,2,0,27,24,11,0,237,237,48,16,1,51,59,35,0,447,24,16,39,0,1,70,0,0,150,274,75,107,1,42,165,30,0,694,278,77,106,1,45,165,30,0,702,21960,12486,77797,279,7356,43804,5049,0,168731,16920,6892,2810,279,7323,8197,4723,0,47144,5040,5594,74987,0,33,35607,326,0,121587,0,0,0,0,0,0,0,0,0,9195,4208,505,0,3992,4796,1545,0,24241,1827,1872,24239,0,33,20718,0,0,48689,1437,581,175,11,1566,723,593,0,5086,393,430,4850,0,62,2225,30,0,7990,0,0,0,0,0,0,0,0,0,6,0,0,0,0,0,0,6,0,0,0,0,0,0,0,0,276,79,109,1,52,167,36,720,160,55,108,1,46,147,22,539,270,73,105,1,51,159,36,695,278,77,106,1,45,165,30,702,274,75,107,1,42,165,30,694,281,79,109,1,52,167,36,725,281,79,109,1,52,167,36,725,280,79,109,1,52,167,36,724,163,40,30,1,37,38,29,338,169,44,56,1,37,62,30,399,53,16,26,1,1,51,1,149,236,48,10,1,48,55,35,433,15,3,1,0,3,6,2,30,15,3,1,0,3,6,2,30,132,11,3,0,7,7,4,164,236,47,12,1,49,57,35,437,1497,745,2130,12,294,1751,198,6627,1830,1011,5025,11,1628,2948,623,13076,1404,700,3775,8,891,2287,373,0,9438,426,311,1250,3,737,661,250,11718,6322,36203,140,4002,20806,2403,81594,583,38604,6316,1663,1669,6321,1926,2987,1926,2988,43,128,43,129,93,82,210,0,135,149,39,157,80,302,0,98,394,53,3,0,0,0,3,0,0,2,1,6,0,0,1,0,302,212,894,2,536,447,183,1118,558,3003,7,685,1667,277,152,43,18,0,40,22,6,429,119,107,0,53,44,8
2016-17,35,A & N ISLANDS,3,9,198,37,380,30.58,10.4,6.68,878,0,7.5,86.27,81.84,90.11,8249,35315,22232,218,84,43,0,16,47,3,0,411,185,62,34,0,16,40,3,0,340,33,22,9,0,0,7,0,0,71,0,0,0,0,0,0,0,0,0,178,55,22,0,15,36,2,0,308,185,62,36,0,16,40,3,0,342,22,16,2,0,0,5,0,0,45,218,84,42,0,16,47,3,0,410,218,84,43,0,16,47,3,0,411,9346,10482,18475,0,1904,8250,688,0,49145,7250,6362,12888,0,1904,6524,688,0,35616,2096,4120,5587,0,0,1726,0,0,13529,0,0,0,0,0,0,0,0,0,6111,5365,5585,0,1754,5260,159,0,24234,1251,1917,737,0,0,1307,0,0,5212,707,748,1622,0,499,769,57,0,4402,222,308,389,0,0,133,0,0,1052,0,0,0,0,0,0,0,0,0,12,1,0,0,0,0,0,13,0,0,0,0,0,0,0,0,167,79,42,0,16,46,3,353,99,61,37,0,8,34,0,239,131,66,42,0,12,36,2,289,218,84,43,0,16,47,3,411,218,84,42,0,16,47,3,410,218,84,43,0,16,47,3,411,171,81,43,0,16,47,3,361,60,67,39,0,15,47,3,231,43,20,10,0,7,18,0,98,82,39,20,0,8,25,2,176,59,16,5,0,2,4,1,87,184,60,33,0,15,40,2,334,50,23,13,0,6,17,0,109,68,32,17,0,8,24,0,149,170,15,0,0,3,4,1,193,185,61,36,0,16,40,2,340,909,742,643,0,86,443,16,2839,929,1056,2011,0,499,902,57,5454,603,698,1244,0,268,565,33,0,3411,325,358,767,0,231,337,24,4663,5071,9144,0,902,4024,332,24136,362,7932,802,229,237,815,1693,2299,1705,2313,93,274,100,283,0,0,14,0,0,0,1,1,3,1,0,2,0,0,33,18,35,0,30,37,3,62,29,49,0,26,62,1,89,98,149,0,54,65,8,159,169,271,0,52,116,5,65,21,14,0,2,22,1,73,29,27,0,7,24,0
2016-17,36,TELANGANA,31,584,10246,1832,352,38.67,39.2,13.58,987,15.4,9.3,66.46,57.92,74.95,114840,339817,158355,21614,7443,245,0,207,5475,6353,0,41337,19702,3361,210,0,206,483,5015,0,28977,1703,3945,34,0,1,4967,1332,0,11982,209,137,1,0,0,25,6,0,378,17600,3139,160,0,190,357,4280,0,25726,20004,3496,210,0,206,532,5249,0,29697,463,2011,14,0,0,1900,181,0,4569,21497,7373,132,0,205,5272,5696,0,40175,21516,7399,171,0,204,5264,6259,0,40813,1317200,820165,83493,0,56757,1735205,805152,0,4817972,1005664,311624,57752,0,56738,104601,636263,0,2172642,298933,492733,25741,0,19,1625239,167693,0,2610358,12603,15808,0,0,0,5365,1196,0,34972,807341,283336,40457,0,52980,75603,498480,0,1758197,42421,237183,5943,0,0,575548,13809,0,874904,45394,16811,2662,0,3215,5115,55959,0,129156,10966,26047,968,0,0,51166,10882,0,100029,666,726,2,0,0,187,57,0,1638,3612,43,6,0,2,34,147,3844,4468,481,16,0,2,159,81,5207,20004,6910,227,0,168,5117,6226,38652,10872,4842,187,0,131,4412,4784,25228,11819,6235,218,0,83,5173,5390,28918,20238,7273,168,0,200,5250,6155,39284,21246,7340,125,0,201,5261,5671,39844,21335,7423,245,0,198,5466,6349,41016,17492,6919,238,0,172,5313,6203,36337,1931,3503,155,0,166,4311,4829,14895,6457,2053,46,0,76,561,2445,11638,8208,2797,76,0,122,1195,3126,15524,4365,3471,144,0,198,3269,1939,13386,19734,3370,52,0,191,175,4926,28448,9948,2424,35,0,38,105,2359,14909,17268,3205,49,0,177,160,4432,25291,13834,1670,14,0,1,357,1271,17147,19609,3366,87,0,127,348,5064,28601,74556,54549,2513,0,1244,57153,35148,225163,57026,43584,3632,0,3215,56468,66898,230823,29188,23530,2254,0,1405,30257,29853,0,116487,27838,20054,1378,0,1810,26211,37045,671432,396104,47240,0,27889,769988,413905,2326558,1594,125599,57814,38281,39503,60526,71447,48571,71449,48581,2675,6359,2705,6421,3836,2755,243,0,274,2556,4743,3716,2790,282,0,242,2369,3604,4966,1963,121,0,120,2149,2918,2172,1253,71,0,64,1079,1949,12542,10361,458,0,1073,12785,17356,11497,10973,715,0,755,12533,11303,7146,2566,7,0,149,113,3768,4793,1673,34,0,113,77,2145
